u_group,u_expgroup,u_id,u_teamid,backgr_degree,v_17,v_18,v_19,v_20,v_21,backgr_exp_teach_stat,backgr_exp_famil_mlm,belief_H1_1,belief_agecare_1,belief_unempl_1,belief_income_1,belief_housing_1,belief_labour_1,belief_health_1,belief_certainty_1,attitude_immigration_1,attitude_importance_1,awareness_study,participant_continent,u_delibtreatmentgroup,v_33,v_34,v_35,v_36,v_37,v_38,v_39,v_40,v_41,v_43,belief_H1_2,belief_agecare_2,belief_unempl_2,belief_income_2,belief_housing_2,belief_labour_2,belief_health_2,belief_certainty_2,u_delibtreatmentgroup_w2,w2,v_51,v_52,v_53,v_54,v_55,v_56,v_57,v_58,v_62,v_63,v_64,v_65,v_66,delib_success,delib_changemind,delib_learn,delib_gooddifficulty,delib_enjoy,delib_notcontrolling,v_78,v_79,belief_H1_3,belief_agecare_3,belief_unempl_3,belief_income_3,belief_housing_3,belief_labour_3,belief_health_3,belief_certainty_3,u_delibtreatmentgroup_w3,w3,v_88,v_89,v_90,v_91,v_93,v_94,v_95,v_96,v_98,v_99,v_100,v_101,v_102,v_110,v_108,v_111,v_112,v_113,v_114,v_115,v_116,v_117,v_118,v_119,v_120,v_121,v_122,v_123,v_124,v_125,v_126,v_127,v_128,v_129,v_130,v_131,v_132,v_133,v_134,v_135,v_136,v_137,v_138,v_139,v_140,v_141,v_142,v_143,v_144,v_145,v_146,v_147,v_148,v_149,v_150,v_151,v_152,v_153,v_154,v_155,v_156,v_157,v_158,v_159,v_160,v_161,v_162,v_163,v_164,v_165,v_166,v_167,v_168,v_169,v_170,v_171,v_172,v_173,v_174,v_175,v_176,v_177,v_178,v_179,v_180,v_181,v_182,v_183,v_184,v_185,v_186,v_187,w4,v16,backgr_pub_immigration,backgr_pub_statistics,backgr_pub_mlm,self_rep_compliance,self_rep_compliance_all
0,"0","1","1",3,1,3,1,3,3,8,4,2,4,2,1,1,2,3,4,4,3,.a,3,1,4.0000,4,1,0,0,0,0,0,2,4,3,3,2,2,4,4,3,2,"1",3,1,.a,.a,.a,.a,.a,.a,.a,,,,,,5,2,5,4,2,3,1,5,3,3,2,3,3,2,3,2,"1",3,2,5,4,4,5,5,2,1,3,2,2,2,4,1,.a,.a,.a,.a,.a,.a,.a,.a,.a,.a,.a,.a,4,.a,.a,.a,.a,.a,.a,.a,.a,.a,.a,.a,.a,.a,.a,.a,.a,.a,.a,.a,.a,.a,.a,.a,2,.a,.a,.a,.a,.a,.a,.a,.a,.a,.a,.a,.a,.a,.a,.a,.a,.a,.a,.a,.a,.a,.a,.a,5,.a,.a,.a,.a,.a,.a,.a,.a,.a,.a,.a,.a,.a,.a,.a,.a,.a,3,0,0,1,1,0,0
0,"0","10","5",4,1,1,1,3,1,6,4,2,3,2,2,2,2,3,2,4,3,.a,3,0,6.0000,4,1,0,0,0,0,0,2,2,2,4,3,2,3,2,2,3,"0",3,.a,.a,.a,.a,.a,.a,.a,.a,.a,.a,.a,.a,.a,2,2,5,4,4,2,1,1,3,3,3,3,3,3,3,5,"0",3,3,5,4,4,4,,2,1,3,1,2,2,2,1,.a,.a,.a,.a,.a,.a,.a,.a,.a,.a,5,.a,.a,.a,.a,.a,.a,.a,.a,.a,.a,.a,.a,.a,.a,.a,.a,.a,.a,.a,.a,.a,.a,.a,.a,.a,.a,.a,.a,.a,5,.a,.a,.a,.a,.a,.a,.a,.a,.a,.a,.a,.a,.a,.a,.a,.a,.a,.a,.a,.a,.a,.a,.a,5,.a,.a,.a,.a,.a,.a,.a,.a,.a,.a,.a,.a,.a,3,0,0,0,0,,0
0,"1","100","48",5,1,1,2,3,2,3,5,2,3,2,2,2,2,2,5,3,4,1,3,1,14.0000,3,0,1,0,0,0,1,3,4,2,3,2,3,2,2,3,5,"1",3,3,2,3,1,4,1,2,1,5,4,3,5,2,6,2,5,4,4,4,3,3,3,3,4,3,3,3,3,5,"1",3,5,4,4,4,4,4,3,1,3,1,1,1,1,1,.a,.a,.a,.a,7,.a,.a,.a,.a,.a,.a,.a,.a,.a,.a,.a,.a,.a,.a,.a,.a,.a,.a,.a,.a,.a,.a,.a,.a,.a,.a,.a,.a,.a,5,.a,.a,.a,.a,.a,.a,.a,.a,.a,.a,.a,.a,.a,.a,.a,.a,.a,.a,.a,.a,.a,.a,.a,5,.a,.a,.a,.a,.a,.a,.a,.a,.a,.a,.a,.a,.a,.a,.a,.a,.a,.a,.a,3,0,0,0,1,1,1
0,"1","101","48",5,1,2,1,1,1,7,4,2,3,2,2,2,2,2,3,2,5,1,3,1,5.0000,3,1,0,0,0,0,0,2,4,2,3,2,3,2,2,2,3,"1",3,2,3,3,1,2,3,4,1,3,5,2,5,1,4,2,5,3,4,3,3,3,3,3,4,3,3,3,3,5,"1",3,5,1,4,4,5,5,1,1,4,1,2,2,3,2,.a,.a,.a,.a,.a,.a,.a,3,.a,.a,.a,.a,.a,.a,.a,.a,.a,.a,.a,.a,.a,.a,.a,.a,.a,.a,.a,.a,.a,.a,.a,5,.a,.a,.a,.a,.a,.a,.a,.a,.a,.a,.a,.a,.a,.a,.a,.a,.a,.a,.a,.a,.a,.a,.a,.a,.a,.a,.a,.a,.a,5,.a,.a,.a,.a,.a,.a,.a,.a,.a,.a,.a,.a,.a,.a,.a,.a,3,0,0,1,0,1,1
0,"1","102","49",3,3,1,2,1,1,2,3,2,3,2,2,2,2,3,2,2,5,1,3,1,3.0000,4,1,0,0,0,0,0,2,4,2,3,2,2,2,3,3,2,"1",3,3,2,5,1,4,1,2,3,5,4,4,4,3,6,2,6,4,5,4,1,1,3,3,2,3,3,2,3,5,"1",3,5,5,4,5,4,5,2,1,3,1,2,1,2,1,.a,.a,.a,.a,.a,.a,.a,.a,.a,.a,.a,.a,.a,.a,.a,.a,.a,.a,.a,3,.a,.a,.a,.a,.a,.a,.a,.a,.a,.a,.a,.a,.a,.a,.a,.a,.a,.a,.a,.a,.a,.a,.a,5,.a,.a,.a,.a,.a,.a,.a,.a,.a,.a,.a,.a,.a,.a,.a,.a,.a,.a,.a,.a,.a,.a,.a,.a,.a,.a,.a,.a,.a,5,.a,.a,.a,.a,3,0,1,0,0,1,1
0,"1","103","49",3,3,1,2,1,1,1,2,3,3,2,3,2,2,3,4,2,5,2,3,1,11.0000,3,0,1,0,0,0,0,2,2,2,3,2,3,2,3,3,4,"1",3,2,1,5,1,4,1,2,1,4,3,3,4,3,7,2,6,3,4,4,1,1,3,2,3,3,3,2,2,5,"1",3,5,5,4,5,4,5,3,1,4,1,3,2,2,1,.a,.a,.a,.a,.a,.a,.a,6,.a,.a,.a,.a,.a,.a,.a,.a,.a,.a,.a,.a,.a,.a,.a,.a,.a,.a,.a,.a,.a,.a,.a,4,.a,.a,.a,.a,.a,.a,.a,.a,.a,.a,.a,.a,.a,.a,.a,.a,.a,.a,.a,.a,.a,.a,.a,6,.a,.a,.a,.a,.a,.a,.a,.a,.a,.a,.a,.a,.a,.a,.a,.a,.a,.a,.a,.a,.a,.a,3,0,1,0,0,1,1
0,"1","104","49",3,3,1,1,1,1,4,3,2,3,2,2,2,2,3,2,2,4,2,3,1,7.0000,4,1,0,0,0,0,0,2,4,2,3,2,3,2,2,3,1,"1",3,3,3,4,1,2,1,2,2,3,4,4,1,4,5,2,5,4,4,2,1,1,4,3,2,3,4,4,3,2,"1",3,2,1,4,5,5,4,3,1,2,1,1,1,2,1,5,.a,.a,.a,.a,.a,.a,.a,.a,.a,.a,.a,.a,.a,.a,.a,.a,.a,.a,.a,.a,.a,.a,.a,5,.a,.a,.a,.a,.a,.a,.a,.a,.a,.a,.a,.a,.a,.a,.a,.a,.a,.a,.a,.a,.a,.a,.a,5,.a,.a,.a,.a,.a,.a,.a,.a,.a,.a,.a,.a,.a,.a,.a,.a,.a,.a,.a,.a,.a,.a,.a,.a,.a,.a,.a,.a,.a,3,0,1,0,0,1,1
0,"0","105","50",6,3,1,1,3,3,3,4,2,3,1,2,2,2,1,2,4,4,.a,3,0,7.0000,3,1,0,0,0,0,0,3,4,3,3,2,3,4,3,3,2,"0",3,.a,.a,.a,.a,.a,.a,.a,.a,.a,.a,.a,.a,.a,.a,.a,.a,.a,.a,.a,.a,.a,.a,.a,.a,.a,.a,.a,.a,.a,"0",3,3,1,4,4,5,3,4,1,4,2,1,1,3,1,4,.a,.a,.a,.a,.a,.a,.a,.a,.a,.a,.a,.a,.a,.a,.a,.a,.a,.a,.a,.a,.a,.a,.a,5,.a,.a,.a,.a,.a,.a,.a,.a,.a,.a,.a,.a,.a,.a,.a,.a,.a,.a,.a,.a,.a,.a,.a,.a,.a,.a,.a,.a,.a,5,.a,.a,.a,.a,.a,.a,.a,.a,.a,.a,.a,.a,.a,.a,.a,.a,.a,.a,.a,.a,.a,.a,.a,3,0,1,0,1,,0
0,"1","106","51",4,1,3,1,1,3,12,4,1,2,3,3,1,3,5,1,7,1,3,3,,,,,,,,,,,,,,,,,,,,"",1,,,,,,,,,,,,,,,,,,,,,,,,,,,,,,"",1,,,,,,,,,,,,,,,,,,,,,,,,,,,,,,,,,,,,,,,,,,,,,,,,,,,,,,,,,,,,,,,,,,,,,,,,,,,,,,,,,,,,,,,,,,,,,1,0,0,1,1,,
0,"1","107","51",4,1,1,1,1,1,1,3,2,3,2,2,3,3,3,4,5,3,1,3,,,,,,,,,,,,,,,,,,,,"",1,,,,,,,,,,,,,,,,,,,,,,,,,,,,,,"",1,,,,,,,,,,,,,,,,,,,,,,,,,,,,,,,,,,,,,,,,,,,,,,,,,,,,,,,,,,,,,,,,,,,,,,,,,,,,,,,,,,,,,,,,,,,,,1,0,0,0,0,,
0,"1","108","51",4,1,1,1,1,1,1,4,3,3,1,3,2,1,3,3,3,2,1,3,,,,,,,,,,,,,,,,,,,,"",1,,,,,,,,,,,,,,,,,,,,,,,,,,,,,,"",1,,,,,,,,,,,,,,,,,,,,,,,,,,,,,,,,,,,,,,,,,,,,,,,,,,,,,,,,,,,,,,,,,,,,,,,,,,,,,,,,,,,,,,,,,,,,,1,0,0,0,0,,
0,"1","109","52",3,1,1,1,1,1,3,3,2,3,2,2,3,3,3,2,2,5,3,3,0,4.0000,3,0,1,0,0,0,0,3,4,2,4,3,2,3,3,2,2,"0",3,.a,.a,.a,.a,.a,.a,.a,.a,.a,.a,.a,.a,.a,6,3,4,4,4,3,1,1,2,2,2,2,2,2,2,4,"0",3,3,2,3,4,5,4,4,4,2,1,2,1,1,1,.a,.a,.a,.a,.a,.a,.a,.a,.a,.a,3,.a,.a,.a,.a,.a,.a,.a,.a,.a,.a,.a,.a,.a,.a,.a,.a,.a,.a,.a,.a,.a,.a,.a,.a,.a,.a,.a,.a,.a,3,.a,.a,.a,.a,.a,.a,.a,.a,.a,.a,.a,.a,.a,.a,.a,.a,.a,.a,.a,.a,.a,.a,.a,4,.a,.a,.a,.a,.a,.a,.a,.a,.a,.a,.a,.a,.a,3,0,0,0,0,,0
0,"0","11","5",1,1,1,1,2,2,2,4,2,3,2,1,2,2,3,2,3,4,.a,3,0,6.0000,4,1,0,0,0,0,0,2,4,2,4,3,2,4,2,4,3,"0",3,.a,.a,.a,.a,.a,.a,.a,.a,.a,.a,.a,.a,.a,5,2,5,4,2,1,1,1,3,4,3,3,3,2,4,4,"0",3,2,5,2,4,5,4,3,1,3,1,2,2,1,2,.a,.a,.a,.a,.a,.a,.a,.a,.a,.a,5,.a,.a,.a,.a,.a,.a,.a,.a,.a,.a,.a,.a,.a,.a,.a,.a,.a,.a,.a,.a,.a,.a,.a,3,.a,.a,.a,.a,.a,.a,.a,.a,.a,.a,.a,.a,.a,.a,.a,.a,.a,.a,.a,.a,.a,.a,.a,.a,.a,.a,.a,.a,.a,4,.a,.a,.a,.a,.a,.a,.a,.a,.a,.a,.a,.a,.a,3,0,0,0,1,,0
0,"1","110","52",3,3,1,1,1,2,3,3,3,3,2,3,3,2,3,4,1,4,2,3,0,16.0000,4,0,1,0,0,0,0,2,2,3,3,3,3,3,3,3,5,"0",3,.a,.a,.a,.a,.a,.a,.a,.a,.a,.a,.a,.a,.a,4,2,5,5,4,2,1,1,2,3,2,2,3,2,3,4,"0",3,4,4,3,5,4,5,1,3,2,1,2,1,1,1,.a,.a,.a,.a,.a,.a,6,.a,.a,.a,.a,.a,.a,.a,.a,.a,.a,.a,.a,.a,.a,.a,.a,.a,.a,.a,.a,.a,.a,.a,.a,.a,.a,.a,.a,.a,2,.a,.a,.a,.a,.a,.a,.a,.a,.a,.a,.a,.a,.a,.a,.a,.a,.a,.a,.a,.a,.a,.a,.a,3,.a,.a,.a,.a,.a,.a,.a,.a,.a,.a,.a,.a,.a,.a,.a,.a,.a,3,0,1,0,1,,0
0,"1","111","53",4,3,2,1,2,3,1,3,2,3,2,3,2,2,2,5,4,4,3,3,1,7.0000,3,0,1,0,0,0,0,2,2,2,3,2,2,2,3,2,5,"1",3,.a,.a,.a,.a,.a,.a,.a,.a,.a,.a,.a,.a,.a,.a,.a,.a,.a,.a,.a,.a,.a,.a,.a,.a,.a,.a,.a,.a,.a,"1",3,.a,.a,.a,.a,.a,.a,.a,.a,.a,.a,.a,.a,.a,.a,.a,.a,.a,.a,.a,.a,.a,.a,.a,.a,.a,.a,.a,.a,.a,.a,.a,.a,.a,.a,.a,.a,.a,.a,.a,.a,.a,.a,.a,.a,.a,.a,.a,.a,.a,.a,.a,.a,.a,.a,.a,.a,.a,.a,.a,.a,.a,.a,.a,.a,.a,.a,.a,.a,.a,.a,.a,.a,.a,.a,.a,.a,.a,.a,.a,.a,.a,.a,.a,.a,.a,.a,.a,.a,.a,.a,.a,.a,3,0,1,1,1,,
0,"0","112","54",4,1,3,1,3,3,1,5,2,3,2,2,2,2,2,4,3,1,.a,3,1,4.0000,3,0,1,0,0,0,0,2,4,2,3,2,2,2,3,3,4,"1",3,3,1,5,1,4,1,1,1,3,3,2,5,1,4,2,5,3,3,3,3,3,3,3,3,3,3,3,3,1,"1",3,2,4,2,4,5,2,2,1,2,1,1,1,2,1,.a,.a,.a,.a,.a,.a,.a,.a,.a,.a,.a,.a,1,.a,.a,.a,.a,.a,.a,.a,.a,.a,.a,.a,.a,.a,.a,.a,.a,.a,.a,.a,.a,.a,.a,.a,1,.a,.a,.a,.a,.a,.a,.a,.a,.a,.a,.a,.a,.a,.a,.a,.a,.a,.a,.a,.a,.a,.a,.a,.a,.a,.a,.a,.a,.a,1,.a,.a,.a,.a,.a,.a,.a,.a,.a,.a,.a,3,0,0,1,1,1,1
0,"0","113","54",3,3,3,1,3,1,2,4,3,3,2,3,3,2,3,1,2,4,.a,5,1,8.0000,4,0,1,0,0,0,0,3,4,3,3,2,2,2,2,3,2,"1",3,3,4,4,.a,.a,.a,.a,.a,3,3,4,5,1,4,2,2,4,3,3,3,3,3,3,3,3,3,3,3,1,"1",3,4,5,5,4,5,3,3,1,4,1,1,1,3,1,.a,.a,.a,.a,.a,.a,.a,.a,.a,.a,.a,.a,.a,5,.a,.a,.a,.a,.a,.a,.a,.a,.a,.a,.a,.a,.a,.a,.a,.a,.a,.a,.a,.a,.a,.a,.a,5,.a,.a,.a,.a,.a,.a,.a,.a,.a,.a,.a,.a,.a,.a,.a,.a,.a,.a,.a,.a,.a,.a,.a,5,.a,.a,.a,.a,.a,.a,.a,.a,.a,.a,.a,.a,.a,.a,.a,.a,3,0,1,1,0,1,1
0,"0","114","54",3,2,1,1,2,1,1,4,2,4,2,2,2,3,2,2,2,5,.a,3,1,3.0000,3,0,1,0,0,0,1,2,5,2,4,2,2,2,2,2,2,"1",3,2,1,5,2,4,1,3,2,4,4,4,4,1,5,2,3,5,5,4,3,2,2,3,2,2,2,2,2,3,"1",3,5,1,4,5,5,4,3,1,3,1,1,1,2,2,.a,.a,.a,2,.a,.a,.a,.a,.a,.a,.a,.a,.a,.a,.a,.a,.a,.a,.a,.a,.a,.a,.a,.a,.a,.a,.a,.a,.a,.a,.a,.a,.a,2,.a,.a,.a,.a,.a,.a,.a,.a,.a,.a,.a,.a,.a,.a,.a,.a,.a,.a,.a,.a,.a,.a,.a,2,.a,.a,.a,.a,.a,.a,.a,.a,.a,.a,.a,.a,.a,.a,.a,.a,.a,.a,.a,.a,3,0,1,0,0,1,1
0,"1","115","55",.a,.a,.a,.a,.a,.a,.a,.a,.a,.a,.a,.a,.a,.a,.a,.a,.a,.a,.a,.a,,,,,,,,,,,,,,,,,,,,"",1,,,,,,,,,,,,,,,,,,,,,,,,,,,,,,"",1,,,,,,,,,,,,,,,,,,,,,,,,,,,,,,,,,,,,,,,,,,,,,,,,,,,,,,,,,,,,,,,,,,,,,,,,,,,,,,,,,,,,,,,,,,,,,1,0,,,,,
0,"1","116","56",5,1,3,1,1,3,12,4,2,3,2,2,2,2,2,4,3,3,1,3,1,7.0000,4,1,0,0,0,0,0,2,2,2,3,2,2,2,2,3,5,"1",3,2,2,3,3,4,1,4,2,3,2,4,1,4,4,2,3,3,2,4,1,1,2,3,2,2,3,3,2,2,"1",3,4,1,4,5,4,4,1,1,4,1,1,1,3,1,.a,.a,.a,.a,.a,5,.a,.a,.a,.a,.a,.a,.a,.a,.a,.a,.a,.a,.a,.a,.a,.a,.a,.a,.a,.a,.a,.a,.a,3,.a,.a,.a,.a,.a,.a,.a,.a,.a,.a,.a,.a,.a,.a,.a,.a,.a,.a,.a,.a,.a,.a,.a,.a,.a,.a,.a,.a,.a,5,.a,.a,.a,.a,.a,.a,.a,.a,.a,.a,.a,.a,.a,.a,.a,.a,.a,.a,3,0,0,1,1,1,1
0,"1","117","57",5,2,1,3,2,3,1,5,3,3,4,2,2,4,3,4,4,3,1,3,0,5.0000,3,1,0,0,0,0,0,2,2,2,3,3,2,3,4,3,4,"0",3,,,,,,,,,,,,,,,,,,,,,,,,,,,,,,"",1,,,,,,,,,,,,,,,,,,,,,,,,,,,,,,,,,,,,,,,,,,,,,,,,,,,,,,,,,,,,,,,,,,,,,,,,,,,,,,,,,,,,,,,,,,,,,1,0,1,0,1,,0
0,"1","118","57",3,1,1,2,2,3,4,5,2,2,2,2,4,2,3,4,3,4,3,3,0,6.0000,4,0,1,0,0,0,0,2,4,2,2,2,2,4,4,3,2,"0",3,,,,,,,,,,,,,,,,,,,,,,,,,,,,,,"",1,,,,,,,,,,,,,,,,,,,,,,,,,,,,,,,,,,,,,,,,,,,,,,,,,,,,,,,,,,,,,,,,,,,,,,,,,,,,,,,,,,,,,,,,,,,,,1,0,0,0,1,,0
0,"1","119","57",7,,3,,,1,1,3,2,2,2,2,2,2,2,4,4,4,1,3,0,5.0000,4,0,1,0,0,0,0,2,4,2,3,2,2,2,3,3,4,"0",3,,,,,,,,,,,,,,,,,,,,,,,,,,,,,,"",1,,,,,,,,,,,,,,,,,,,,,,,,,,,,,,,,,,,,,,,,,,,,,,,,,,,,,,,,,,,,,,,,,,,,,,,,,,,,,,,,,,,,,,,,,,,,,1,1,,1,0,,0
0,"0","12","5",4,1,1,1,3,2,1,4,2,3,2,2,3,2,3,2,3,5,.a,3,0,7.0000,4,0,1,0,0,0,0,2,4,2,3,4,2,2,4,4,3,"0",3,.a,.a,.a,.a,.a,.a,.a,.a,.a,.a,.a,.a,.a,5,3,5,4,5,3,1,1,3,3,4,3,3,3,3,5,"0",3,4,1,5,5,5,5,5,1,2,2,3,2,1,2,.a,.a,.a,.a,.a,.a,.a,.a,.a,.a,.a,.a,.a,.a,.a,.a,3,.a,.a,.a,.a,.a,.a,.a,.a,.a,.a,.a,.a,.a,.a,.a,.a,.a,.a,.a,.a,.a,.a,.a,4,.a,.a,.a,.a,.a,.a,.a,.a,.a,.a,.a,.a,.a,.a,.a,.a,.a,.a,.a,.a,.a,.a,.a,4,.a,.a,.a,.a,.a,.a,.a,.a,.a,.a,.a,.a,.a,3,0,0,0,1,,0
0,"0","120","58",3,1,1,1,1,2,1,4,2,3,1,2,2,2,3,6,3,5,.a,3,1,30.0000,4,0,1,0,0,0,0,2,4,3,3,2,3,2,2,3,5,"1",3,3,3,3,2,4,1,2,3,4,4,2,4,1,5,3,5,5,4,4,1,2,2,3,2,2,2,2,3,6,"1",3,4,1,5,4,4,5,4,1,4,2,2,3,1,2,.a,.a,.a,.a,.a,.a,.a,.a,.a,.a,.a,.a,.a,.a,.a,.a,.a,.a,.a,.a,.a,7,.a,.a,.a,.a,.a,.a,.a,.a,.a,.a,.a,.a,.a,.a,.a,.a,.a,.a,.a,.a,.a,.a,.a,5,.a,.a,.a,.a,.a,.a,.a,.a,.a,.a,.a,.a,.a,.a,.a,.a,.a,.a,.a,.a,.a,.a,.a,7,.a,.a,.a,.a,.a,.a,.a,.a,3,0,0,0,1,1,1
0,"0","121","58",4,1,1,1,2,3,2,4,2,3,1,2,2,3,2,4,3,4,.a,3,1,6.0000,3,1,0,0,0,0,0,2,4,2,3,2,2,3,2,2,2,"1",3,3,3,3,3,2,1,2,3,4,3,2,4,2,3,3,5,4,4,3,1,2,2,,1,2,2,1,2,3,"1",3,4,4,5,5,5,4,2,1,4,1,3,2,2,2,.a,.a,2,.a,.a,.a,.a,.a,.a,.a,.a,.a,.a,.a,.a,.a,.a,.a,.a,.a,.a,.a,.a,.a,.a,.a,5,.a,.a,.a,.a,.a,.a,.a,.a,.a,.a,.a,.a,.a,.a,.a,.a,.a,.a,.a,.a,.a,.a,.a,.a,.a,.a,.a,.a,.a,6,.a,.a,.a,.a,.a,.a,.a,.a,.a,.a,.a,.a,.a,.a,.a,.a,.a,.a,.a,.a,.a,3,0,0,0,1,1,1
0,"0","122","58",3,2,2,1,1,1,1,3,3,3,2,3,3,4,3,5,1,4,.a,3,1,10.0000,3,0,1,0,0,0,1,2,4,2,3,2,2,3,3,3,5,"1",3,3,3,3,1,2,1,1,1,5,4,2,4,4,5,4,6,4,4,4,1,2,2,2,2,2,2,2,2,5,"1",3,5,2,4,5,4,5,4,1,4,3,4,2,2,2,.a,.a,.a,.a,.a,.a,.a,.a,.a,.a,.a,.a,.a,.a,6,.a,.a,.a,.a,.a,.a,.a,.a,.a,.a,.a,.a,.a,.a,.a,.a,.a,.a,.a,.a,.a,.a,.a,.a,.a,.a,.a,.a,.a,6,.a,.a,.a,.a,.a,.a,.a,.a,.a,.a,.a,.a,.a,.a,.a,.a,.a,.a,.a,.a,.a,.a,.a,6,.a,.a,.a,.a,.a,.a,.a,.a,.a,3,0,1,1,0,1,1
0,"0","123","59",2,1,2,1,1,2,3,4,3,3,3,3,3,3,3,2,4,3,.a,3,0,15.0000,2,1,0,0,0,0,0,2,4,3,3,3,3,3,3,3,1,"0",3,.a,.a,.a,.a,.a,.a,.a,.a,.a,.a,.a,.a,.a,2,2,5,3,4,4,1,1,3,3,2,2,3,3,3,2,"0",3,2,1,5,4,5,4,2,1,4,1,2,2,3,1,.a,.a,.a,.a,.a,.a,.a,.a,.a,.a,.a,.a,.a,.a,.a,.a,.a,5,.a,.a,.a,.a,.a,.a,.a,.a,.a,.a,.a,.a,.a,.a,.a,.a,.a,.a,.a,.a,.a,.a,.a,5,.a,.a,.a,.a,.a,.a,.a,.a,.a,.a,.a,.a,.a,.a,.a,.a,.a,.a,.a,.a,.a,.a,.a,6,.a,.a,.a,.a,.a,.a,.a,.a,.a,.a,.a,.a,3,0,0,1,1,,0
0,"0","124","60",5,1,1,1,1,3,3,3,2,3,1,1,2,2,3,5,6,3,.a,4,0,300.0000,1,1,0,0,0,0,0,2,4,2,2,1,1,2,2,3,5,"0",3,.a,.a,.a,.a,.a,.a,.a,.a,.a,.a,.a,.a,.a,.a,.a,.a,.a,.a,.a,.a,.a,.a,.a,.a,.a,.a,.a,.a,.a,"0",3,5,1,5,5,5,4,3,1,4,4,3,1,2,1,3,.a,.a,.a,.a,.a,.a,.a,.a,.a,.a,.a,.a,.a,.a,.a,.a,.a,.a,.a,.a,.a,.a,.a,.a,.a,.a,.a,.a,.a,5,.a,.a,.a,.a,.a,.a,.a,.a,.a,.a,.a,.a,.a,.a,.a,.a,.a,.a,.a,.a,.a,.a,.a,6,.a,.a,.a,.a,.a,.a,.a,.a,.a,.a,.a,.a,.a,.a,.a,.a,.a,.a,.a,.a,.a,.a,.a,3,0,0,0,1,,0
0,"0","125","61",3,1,3,1,1,2,9,4,2,3,1,2,2,3,2,2,2,3,.a,8,1,6.0000,3,1,0,0,0,0,0,2,2,2,3,2,2,2,2,3,2,"1",3,3,1,3,1,4,1,2,3,3,2,4,5,4,5,2,6,4,5,4,3,1,3,3,3,3,2,4,3,4,"1",3,2,2,2,5,5,4,1,1,4,2,1,1,2,1,.a,.a,.a,.a,.a,.a,.a,.a,.a,.a,.a,.a,.a,.a,.a,.a,.a,.a,.a,.a,.a,.a,.a,5,.a,.a,.a,.a,.a,.a,.a,.a,.a,.a,.a,.a,.a,.a,.a,.a,.a,.a,.a,.a,.a,.a,.a,2,.a,.a,.a,.a,.a,.a,.a,.a,.a,.a,.a,.a,.a,.a,.a,.a,.a,.a,.a,.a,.a,.a,.a,.a,.a,.a,.a,.a,.a,4,3,0,0,1,1,1,1
0,"0","126","61",3,1,3,3,3,3,12,5,3,3,3,3,2,3,3,6,5,5,.a,8,1,10.0000,4,0,1,0,0,0,1,1,2,3,3,3,4,3,3,4,6,"1",3,3,1,1,1,4,1,1,2,4,4,4,2,1,4,3,3,5,5,4,1,1,3,3,3,3,3,3,3,7,"1",3,.a,.a,.a,.a,.a,.a,.a,.a,.a,.a,.a,.a,.a,.a,.a,.a,.a,.a,.a,.a,.a,.a,.a,.a,.a,.a,.a,.a,.a,.a,.a,.a,.a,.a,.a,.a,.a,.a,.a,.a,.a,.a,.a,.a,.a,.a,.a,.a,.a,.a,.a,.a,.a,.a,.a,.a,.a,.a,.a,.a,.a,.a,.a,.a,.a,.a,.a,.a,.a,.a,.a,.a,.a,.a,.a,.a,.a,.a,.a,.a,.a,.a,.a,.a,.a,.a,.a,.a,.a,.a,.a,.a,3,0,0,1,1,1,1
0,"0","127","61",3,2,3,3,3,3,12,5,2,1,1,2,3,3,2,4,1,3,.a,8,1,10.0000,3,0,1,0,0,0,0,2,4,2,2,1,3,2,2,3,4,"1",3,1,.a,.a,.a,.a,.a,.a,.a,2,3,2,2,2,4,2,3,4,2,3,3,1,4,3,3,3,3,3,3,5,"1",3,4,1,4,5,5,5,4,4,3,2,1,1,3,1,.a,.a,0,.a,.a,.a,.a,.a,.a,.a,.a,.a,.a,.a,.a,.a,.a,.a,.a,.a,.a,.a,.a,.a,.a,.a,.a,.a,.a,.a,.a,.a,0,.a,.a,.a,.a,.a,.a,.a,.a,.a,.a,.a,.a,.a,.a,.a,.a,.a,.a,.a,.a,.a,.a,.a,0,.a,.a,.a,.a,.a,.a,.a,.a,.a,.a,.a,.a,.a,.a,.a,.a,.a,.a,.a,.a,.a,3,0,1,1,1,0,0
0,"1","128","62",3,1,1,1,1,1,1,3,1,3,4,1,2,4,2,4,2,4,1,5,0,25.0000,2,0,1,0,0,0,0,5,4,2,5,2,1,4,4,4,1,"0",3,.a,.a,.a,.a,.a,.a,.a,.a,.a,.a,.a,.a,.a,6,4,6,4,4,3,3,3,2,2,1,1,1,1,2,5,"0",3,5,1,5,5,5,5,4,1,4,1,2,2,1,1,.a,.a,.a,.a,.a,.a,.a,.a,.a,.a,.a,.a,.a,.a,6,.a,.a,.a,.a,.a,.a,.a,.a,.a,.a,.a,.a,.a,.a,.a,.a,.a,.a,.a,.a,.a,.a,.a,5,.a,.a,.a,.a,.a,.a,.a,.a,.a,.a,.a,.a,.a,.a,.a,.a,.a,.a,.a,.a,.a,.a,.a,.a,.a,.a,.a,.a,.a,6,.a,.a,.a,.a,.a,.a,.a,.a,.a,3,0,0,0,0,,0
0,"1","129","62",4,1,1,1,2,2,4,4,2,3,1,2,1,3,3,6,2,4,1,5,0,3.0000,3,0,1,0,0,0,0,2,4,2,3,3,1,1,2,3,5,"0",3,.a,.a,.a,.a,.a,.a,.a,.a,.a,.a,.a,.a,.a,5,2,5,5,4,3,2,3,2,4,4,4,2,4,2,6,"0",3,4,5,3,4,4,3,2,1,3,2,1,1,3,1,.a,.a,.a,.a,.a,.a,.a,.a,.a,.a,.a,.a,4,.a,.a,.a,.a,.a,.a,.a,.a,.a,.a,.a,.a,.a,.a,.a,.a,.a,.a,.a,.a,.a,.a,.a,5,.a,.a,.a,.a,.a,.a,.a,.a,.a,.a,.a,.a,.a,.a,.a,.a,.a,.a,.a,.a,.a,.a,.a,5,.a,.a,.a,.a,.a,.a,.a,.a,.a,.a,.a,.a,.a,.a,.a,.a,.a,3,0,0,0,1,,0
0,"0","13","6",3,1,1,1,1,1,2,3,2,4,4,2,2,3,2,3,2,3,.a,3,1,6.0000,3,0,1,0,0,0,0,2,4,2,2,2,2,2,2,2,4,"1",3,4,3,3,3,2,1,1,1,5,4,5,1,3,5,2,6,4,4,1,1,3,2,3,4,4,4,4,4,4,"1",3,2,1,1,1,1,2,3,5,1,1,2,1,1,1,.a,.a,.a,.a,.a,.a,5,.a,.a,.a,.a,.a,.a,.a,.a,.a,.a,.a,.a,.a,.a,.a,.a,.a,.a,.a,.a,.a,.a,.a,6,.a,.a,.a,.a,.a,.a,.a,.a,.a,.a,.a,.a,.a,.a,.a,.a,.a,.a,.a,.a,.a,.a,.a,.a,.a,.a,.a,.a,.a,7,.a,.a,.a,.a,.a,.a,.a,.a,.a,.a,.a,.a,.a,.a,.a,.a,.a,3,0,0,0,0,1,1
0,"1","130","62",3,3,1,1,3,3,3,3,2,3,3,2,2,3,2,2,1,5,3,5,0,1.0000,3,0,0,1,0,0,0,3,4,2,3,3,2,3,3,3,5,"0",3,.a,.a,.a,.a,.a,.a,.a,.a,.a,.a,.a,.a,.a,5,3,3,3,3,3,3,3,3,3,3,3,3,3,3,4,"0",3,4,5,2,3,4,2,1,1,3,1,1,1,3,2,.a,.a,.a,.a,2,.a,.a,.a,.a,.a,.a,.a,.a,.a,.a,.a,.a,.a,.a,.a,.a,.a,.a,.a,.a,.a,.a,.a,2,.a,.a,.a,.a,.a,.a,.a,.a,.a,.a,.a,.a,.a,.a,.a,.a,.a,.a,.a,.a,.a,.a,.a,3,.a,.a,.a,.a,.a,.a,.a,.a,.a,.a,.a,.a,.a,.a,.a,.a,.a,.a,.a,.a,.a,.a,.a,.a,.a,3,0,1,0,1,,0
0,"0","131","63",5,1,1,1,1,3,1,5,2,3,2,2,2,3,3,2,1,4,.a,3,,,,,,,,,,,,,,,,,,,,"",1,,,,,,,,,,,,,,,,,,,,,,,,,,,,,,"",1,,,,,,,,,,,,,,,,,,,,,,,,,,,,,,,,,,,,,,,,,,,,,,,,,,,,,,,,,,,,,,,,,,,,,,,,,,,,,,,,,,,,,,,,,,,,,1,0,0,0,1,,
0,"0","132","63",5,1,2,1,1,3,2,4,1,1,1,1,1,1,1,5,1,5,.a,3,,,,,,,,,,,,,,,,,,,,"",1,,,,,,,,,,,,,,,,,,,,,,,,,,,,,,"",1,,,,,,,,,,,,,,,,,,,,,,,,,,,,,,,,,,,,,,,,,,,,,,,,,,,,,,,,,,,,,,,,,,,,,,,,,,,,,,,,,,,,,,,,,,,,,1,0,0,1,1,,
0,"0","133","64",4,1,1,1,1,1,2,3,3,3,3,2,2,3,3,3,2,3,.a,3,0,8.0000,4,1,0,0,0,0,0,2,4,3,3,2,2,2,3,3,3,"0",3,.a,.a,.a,.a,.a,.a,.a,.a,.a,.a,.a,.a,.a,.a,.a,.a,.a,.a,.a,.a,.a,.a,.a,.a,.a,.a,.a,.a,.a,"0",3,.a,.a,.a,.a,.a,.a,.a,.a,.a,.a,.a,.a,.a,.a,.a,.a,.a,.a,.a,.a,.a,.a,.a,.a,.a,.a,.a,.a,.a,.a,.a,.a,.a,.a,.a,.a,.a,.a,.a,.a,.a,.a,.a,.a,.a,.a,.a,.a,.a,.a,.a,.a,.a,.a,.a,.a,.a,.a,.a,.a,.a,.a,.a,.a,.a,.a,.a,.a,.a,.a,.a,.a,.a,.a,.a,.a,.a,.a,.a,.a,.a,.a,.a,.a,.a,.a,.a,.a,.a,.a,.a,.a,3,0,0,0,0,,0
0,"0","134","64",1,1,1,1,1,1,1,2,2,3,4,2,3,4,3,3,5,3,.a,3,0,5.0000,4,1,0,0,0,0,0,2,2,2,3,2,2,3,3,3,3,"0",3,.a,.a,.a,.a,.a,.a,.a,.a,.a,.a,.a,.a,.a,4,2,5,2,2,3,2,3,2,3,2,2,2,2,2,3,"0",3,2,4,4,3,5,5,1,2,4,1,4,3,3,1,.a,.a,.a,.a,.a,.a,6,.a,.a,.a,.a,.a,.a,.a,.a,.a,.a,.a,.a,.a,.a,.a,.a,.a,.a,.a,.a,.a,.a,.a,5,.a,.a,.a,.a,.a,.a,.a,.a,.a,.a,.a,.a,.a,.a,.a,.a,.a,.a,.a,.a,.a,.a,.a,5,.a,.a,.a,.a,.a,.a,.a,.a,.a,.a,.a,.a,.a,.a,.a,.a,.a,.a,.a,.a,.a,.a,.a,3,0,0,0,0,,0
0,"0","135","64",4,1,1,1,1,1,1,3,2,3,2,2,2,3,2,1,2,4,.a,3,0,4.0000,4,0,1,0,0,0,0,2,4,3,3,4,4,4,4,3,2,"0",3,.a,.a,.a,.a,.a,.a,.a,.a,.a,.a,.a,.a,.a,3,3,7,3,4,2,1,3,4,3,2,3,4,3,4,2,"0",3,5,3,2,4,4,5,2,4,4,1,3,1,2,2,.a,.a,.a,.a,.a,.a,.a,.a,.a,.a,.a,.a,.a,.a,.a,.a,.a,.a,.a,.a,.a,.a,2,.a,.a,.a,.a,.a,.a,.a,.a,.a,.a,.a,.a,.a,.a,.a,.a,.a,.a,.a,.a,.a,.a,.a,6,.a,.a,.a,.a,.a,.a,.a,.a,.a,.a,.a,.a,.a,.a,.a,.a,.a,.a,.a,.a,.a,.a,.a,5,.a,.a,.a,.a,.a,.a,.a,3,0,0,0,0,,0
0,"0","136","65",3,3,2,3,3,3,12,4,2,1,1,3,3,2,3,4,3,3,.a,3,0,10.0000,3,0,1,0,0,0,0,2,4,2,3,2,3,3,3,2,2,"0",3,.a,.a,.a,.a,.a,.a,.a,.a,.a,.a,.a,.a,.a,5,3,5,4,4,4,1,1,2,3,2,2,3,2,3,5,"0",3,5,5,4,3,4,5,3,5,4,3,2,2,2,1,3,.a,.a,.a,.a,.a,.a,.a,.a,.a,.a,.a,.a,.a,.a,.a,.a,.a,.a,.a,.a,.a,.a,.a,.a,.a,.a,.a,.a,.a,6,.a,.a,.a,.a,.a,.a,.a,.a,.a,.a,.a,.a,.a,.a,.a,.a,.a,.a,.a,.a,.a,.a,.a,5,.a,.a,.a,.a,.a,.a,.a,.a,.a,.a,.a,.a,.a,.a,.a,.a,.a,.a,.a,.a,.a,.a,.a,3,0,1,1,1,,0
0,"0","137","65",3,1,2,3,3,3,12,5,3,3,2,3,3,2,3,4,3,4,.a,3,0,6.0000,4,1,0,0,0,0,1,2,5,2,3,2,3,3,2,3,4,"0",3,.a,.a,.a,.a,.a,.a,.a,.a,.a,.a,.a,.a,.a,4,3,2,4,3,3,1,1,3,3,2,3,3,2,3,4,"0",3,4,5,4,4,5,4,1,1,4,2,1,1,2,1,.a,3,.a,.a,.a,.a,.a,.a,.a,.a,.a,.a,.a,.a,.a,.a,.a,.a,.a,.a,.a,.a,.a,.a,.a,5,.a,.a,.a,.a,.a,.a,.a,.a,.a,.a,.a,.a,.a,.a,.a,.a,.a,.a,.a,.a,.a,.a,.a,.a,.a,.a,.a,.a,.a,5,.a,.a,.a,.a,.a,.a,.a,.a,.a,.a,.a,.a,.a,.a,.a,.a,.a,.a,.a,.a,.a,.a,3,0,0,1,1,,0
0,"0","138","65",6,1,1,2,1,3,3,4,3,3,3,3,3,3,3,2,4,2,.a,3,0,7.0000,4,1,0,0,0,0,0,3,4,3,3,2,3,3,3,3,5,"0",3,.a,.a,.a,.a,.a,.a,.a,.a,.a,.a,.a,.a,.a,5,3,6,4,4,4,1,1,3,3,3,3,3,3,3,3,"0",3,5,1,5,4,4,5,5,1,2,1,1,1,1,1,.a,.a,.a,.a,.a,.a,.a,.a,5,.a,.a,.a,.a,.a,.a,.a,.a,.a,.a,.a,.a,.a,.a,.a,.a,.a,.a,.a,.a,.a,.a,.a,3,.a,.a,.a,.a,.a,.a,.a,.a,.a,.a,.a,.a,.a,.a,.a,.a,.a,.a,.a,.a,.a,.a,.a,5,.a,.a,.a,.a,.a,.a,.a,.a,.a,.a,.a,.a,.a,.a,.a,.a,.a,.a,.a,.a,.a,3,0,0,0,1,,0
0,"1","139","66",.a,.a,.a,.a,.a,.a,.a,.a,.a,.a,.a,.a,.a,.a,.a,.a,.a,.a,.a,.a,,,,,,,,,,,,,,,,,,,,"",1,,,,,,,,,,,,,,,,,,,,,,,,,,,,,,"",1,,,,,,,,,,,,,,,,,,,,,,,,,,,,,,,,,,,,,,,,,,,,,,,,,,,,,,,,,,,,,,,,,,,,,,,,,,,,,,,,,,,,,,,,,,,,,1,0,,,,,
0,"0","14","6",3,3,3,3,3,3,12,5,2,3,2,2,2,3,3,4,4,4,.a,3,1,7.0000,4,0,0,1,1,1,1,2,4,2,2,2,2,3,4,3,4,"1",3,3,3,4,1,3,2,1,2,4,4,1,4,4,6,2,2,5,5,4,1,2,2,3,2,2,3,3,3,5,"1",3,5,1,3,4,4,3,1,4,3,1,1,1,2,1,.a,.a,.a,.a,.a,.a,.a,.a,.a,.a,.a,.a,.a,.a,.a,.a,.a,.a,.a,.a,.a,.a,4,.a,.a,.a,.a,.a,.a,.a,.a,.a,.a,.a,.a,.a,.a,.a,.a,.a,.a,.a,.a,.a,.a,.a,.a,.a,.a,.a,.a,.a,3,.a,.a,.a,.a,.a,.a,.a,.a,.a,.a,.a,.a,.a,.a,.a,.a,.a,.a,.a,.a,.a,.a,.a,5,.a,3,0,1,1,1,1,1
0,"1","140","67",3,3,2,3,3,3,12,5,1,1,1,1,1,1,1,5,1,4,1,5,1,6.0000,3,0,1,0,0,0,0,2,2,2,2,2,2,2,2,1,5,"1",3,.a,.a,.a,.a,.a,.a,.a,.a,.a,.a,.a,.a,.a,.a,.a,.a,.a,.a,.a,.a,.a,.a,.a,.a,.a,.a,.a,.a,.a,"1",3,.a,.a,.a,.a,.a,.a,.a,.a,.a,.a,.a,.a,.a,.a,.a,.a,.a,.a,.a,.a,.a,.a,.a,.a,.a,.a,.a,.a,.a,.a,.a,.a,.a,.a,.a,.a,.a,.a,.a,.a,.a,.a,.a,.a,.a,.a,.a,.a,.a,.a,.a,.a,.a,.a,.a,.a,.a,.a,.a,.a,.a,.a,.a,.a,.a,.a,.a,.a,.a,.a,.a,.a,.a,.a,.a,.a,.a,.a,.a,.a,.a,.a,.a,.a,.a,.a,.a,.a,.a,.a,.a,.a,3,0,1,1,1,,
0,"0","141","68",3,3,2,1,1,1,5,4,3,4,3,3,3,4,3,3,3,4,.a,3,1,2.0000,4,1,0,0,0,0,0,1,4,3,3,2,2,2,2,3,2,"1",3,3,1,5,1,3,1,2,2,4,5,2,5,3,6,2,5,4,4,5,1,3,3,3,3,3,3,2,3,5,"1",3,4,4,5,5,5,5,5,1,1,1,1,1,1,1,.a,.a,.a,.a,.a,.a,.a,.a,6,.a,.a,.a,.a,.a,.a,.a,.a,.a,.a,.a,.a,.a,.a,.a,.a,.a,.a,.a,.a,.a,.a,.a,.a,.a,.a,.a,.a,.a,5,.a,.a,.a,.a,.a,.a,.a,.a,.a,.a,.a,.a,.a,.a,.a,.a,.a,.a,.a,.a,.a,.a,.a,5,.a,.a,.a,.a,.a,.a,.a,.a,.a,.a,.a,.a,.a,.a,.a,3,0,1,1,0,1,1
0,"0","142","68",3,1,1,1,1,1,1,4,3,3,2,2,2,2,3,2,2,4,.a,3,1,5.0000,3,1,0,0,0,0,0,2,2,4,3,3,2,2,2,3,2,"1",3,3,2,3,1,2,1,2,2,4,4,3,4,2,6,3,3,3,4,,1,3,3,3,3,3,3,3,3,4,"1",3,2,5,4,3,4,4,2,1,2,1,3,1,2,2,.a,.a,.a,.a,.a,.a,.a,.a,.a,.a,.a,.a,6,.a,.a,.a,.a,.a,.a,.a,.a,.a,.a,.a,.a,.a,.a,.a,.a,.a,.a,.a,.a,.a,.a,.a,5,.a,.a,.a,.a,.a,.a,.a,.a,.a,.a,.a,.a,.a,.a,.a,.a,.a,.a,.a,.a,.a,.a,.a,6,.a,.a,.a,.a,.a,.a,.a,.a,.a,.a,.a,.a,.a,.a,.a,.a,.a,3,0,0,0,0,1,1
0,"0","143","68",3,1,1,1,1,1,2,3,3,3,2,3,3,3,3,4,3,4,.a,3,1,3.0000,4,1,0,0,0,0,0,1,2,3,3,2,3,3,3,3,2,"1",3,2,1,3,1,4,1,2,1,4,4,2,4,3,5,3,5,3,4,3,4,4,3,3,2,3,3,2,3,4,"1",3,3,5,4,5,5,4,3,2,4,2,3,1,3,2,.a,.a,.a,.a,.a,.a,.a,.a,.a,.a,.a,.a,.a,.a,.a,.a,.a,.a,.a,.a,.a,.a,.a,.a,.a,.a,.a,.a,.a,5,.a,.a,.a,.a,.a,.a,.a,.a,.a,.a,.a,.a,.a,.a,.a,.a,.a,.a,.a,.a,.a,.a,.a,5,.a,.a,.a,.a,.a,.a,.a,.a,.a,.a,.a,.a,.a,.a,.a,.a,.a,.a,.a,.a,.a,.a,.a,4,3,0,0,0,0,1,1
0,"0","144","69",3,1,1,1,2,2,3,4,2,2,2,3,3,3,3,1,4,4,.a,3,0,8.0000,4,0,1,0,0,0,0,2,4,2,2,2,3,3,3,3,3,"0",3,.a,.a,.a,.a,.a,.a,.a,.a,.a,.a,.a,.a,.a,6,2,5,4,2,2,1,1,3,4,3,4,3,3,3,2,"0",3,4,5,4,5,4,4,3,1,2,2,3,1,3,1,.a,.a,.a,.a,.a,.a,.a,.a,.a,.a,.a,.a,.a,.a,.a,.a,.a,.a,.a,.a,.a,.a,.a,4,.a,.a,.a,.a,.a,.a,.a,.a,.a,.a,.a,.a,.a,.a,.a,.a,.a,.a,.a,.a,.a,.a,.a,6,.a,.a,.a,.a,.a,.a,.a,.a,.a,.a,.a,.a,.a,.a,.a,.a,.a,.a,.a,.a,.a,.a,.a,3,.a,.a,.a,.a,.a,.a,3,0,0,0,1,,0
0,"0","145","69",3,2,2,2,2,2,2,4,2,3,2,2,2,2,2,4,3,3,.a,5,0,10.0000,3,0,1,0,0,0,1,1,2,2,2,2,2,2,2,2,3,"0",3,.a,.a,.a,.a,.a,.a,.a,.a,.a,.a,.a,.a,.a,6,2,6,5,4,4,1,1,2,4,4,2,3,3,3,4,"0",3,5,5,5,4,4,4,5,1,2,1,1,1,2,2,6,.a,.a,.a,.a,.a,.a,.a,.a,.a,.a,.a,.a,.a,.a,.a,.a,.a,.a,.a,.a,.a,.a,.a,7,.a,.a,.a,.a,.a,.a,.a,.a,.a,.a,.a,.a,.a,.a,.a,.a,.a,.a,.a,.a,.a,.a,.a,.a,.a,.a,.a,.a,.a,7,.a,.a,.a,.a,.a,.a,.a,.a,.a,.a,.a,.a,.a,.a,.a,.a,.a,.a,.a,.a,.a,.a,.a,3,0,1,1,1,,0
0,"0","146","69",3,2,1,1,2,2,1,4,2,3,2,3,2,2,3,4,3,4,.a,5,0,9.0000,3,0,1,0,0,0,0,2,2,2,4,2,3,4,2,2,5,"0",3,.a,.a,.a,.a,.a,.a,.a,.a,.a,.a,.a,.a,.a,5,2,5,4,5,3,1,1,3,4,2,3,3,2,3,6,"0",3,5,1,5,4,4,4,4,1,3,2,2,1,1,1,.a,.a,.a,.a,.a,.a,.a,.a,.a,.a,.a,5,.a,.a,.a,.a,.a,.a,.a,.a,.a,.a,.a,.a,.a,.a,.a,.a,.a,.a,.a,.a,.a,.a,.a,5,.a,.a,.a,.a,.a,.a,.a,.a,.a,.a,.a,.a,.a,.a,.a,.a,.a,.a,.a,.a,.a,.a,.a,3,.a,.a,.a,.a,.a,.a,.a,.a,.a,.a,.a,.a,.a,.a,.a,.a,.a,.a,3,0,1,0,1,,0
0,"0","147","70",7,1,2,1,1,1,1,1,3,3,2,4,3,4,3,1,3,3,.a,3,0,8.0000,1,1,0,0,0,0,0,3,4,2,3,2,2,3,5,3,4,"0",3,.a,.a,.a,.a,.a,.a,.a,.a,.a,.a,.a,.a,.a,.a,.a,.a,.a,.a,.a,.a,.a,.a,.a,.a,.a,.a,.a,.a,.a,"0",3,5,1,4,5,,4,2,1,4,1,4,1,3,1,.a,.a,.a,.a,.a,.a,.a,.a,.a,.a,.a,.a,.a,0,.a,.a,.a,.a,.a,.a,.a,.a,.a,.a,.a,.a,.a,.a,.a,.a,.a,.a,.a,.a,.a,.a,.a,0,.a,.a,.a,.a,.a,.a,.a,.a,.a,.a,.a,.a,.a,.a,.a,.a,.a,.a,.a,.a,.a,.a,.a,0,.a,.a,.a,.a,.a,.a,.a,.a,.a,.a,.a,.a,.a,.a,.a,.a,3,1,0,1,0,,0
0,"0","148","70",3,2,3,3,2,3,1,3,2,2,1,3,2,4,3,5,4,4,.a,5,0,15.0000,2,0,1,0,0,0,0,2,4,2,2,2,3,2,2,3,5,"0",3,.a,.a,.a,.a,.a,.a,.a,.a,.a,.a,.a,.a,.a,3,2,3,2,3,4,3,3,2,2,2,2,2,2,3,3,"0",3,5,4,4,5,4,5,4,2,3,4,4,3,1,1,.a,.a,.a,.a,6,.a,.a,.a,.a,.a,.a,.a,.a,.a,.a,.a,.a,.a,.a,.a,.a,.a,.a,.a,.a,.a,.a,.a,.a,.a,.a,.a,.a,.a,6,.a,.a,.a,.a,.a,.a,.a,.a,.a,.a,.a,.a,.a,.a,.a,.a,.a,.a,.a,.a,.a,.a,.a,6,.a,.a,.a,.a,.a,.a,.a,.a,.a,.a,.a,.a,.a,.a,.a,.a,.a,.a,.a,3,0,1,1,1,,0
0,"1","149","71",5,1,3,1,1,2,2,3,2,2,2,2,2,2,2,3,3,2,2,5,0,10.0000,2,1,0,0,0,0,0,3,4,2,3,2,2,2,2,2,3,"0",3,.a,.a,.a,.a,.a,.a,.a,.a,.a,.a,.a,.a,.a,1,2,7,2,2,4,1,3,3,3,3,3,3,3,3,1,"0",3,4,,,,.a,.a,.a,.a,.a,.a,.a,.a,.a,.a,.a,.a,.a,.a,.a,.a,.a,.a,.a,.a,.a,.a,.a,.a,.a,.a,.a,.a,.a,.a,.a,.a,.a,.a,.a,.a,.a,.a,.a,.a,.a,.a,.a,.a,.a,.a,.a,.a,.a,.a,.a,.a,.a,.a,.a,.a,.a,.a,.a,.a,.a,.a,.a,.a,.a,.a,.a,.a,.a,.a,.a,.a,.a,.a,.a,.a,.a,.a,.a,.a,.a,.a,.a,.a,.a,.a,.a,.a,3,0,0,1,1,,0
0,"0","15","7",4,1,1,1,1,1,2,3,3,3,3,3,3,3,3,3,3,1,.a,3,0,16.0000,4,1,0,0,0,0,0,4,4,3,3,3,3,3,3,3,5,"0",3,.a,.a,.a,.a,.a,.a,.a,.a,.a,.a,.a,.a,.a,5,3,5,4,2,5,3,3,3,3,3,3,3,3,3,6,"0",3,2,5,3,2,4,4,1,1,3,4,2,1,2,1,.a,.a,.a,.a,.a,.a,.a,.a,.a,.a,.a,.a,.a,.a,.a,.a,.a,.a,.a,.a,.a,5,.a,.a,.a,.a,.a,.a,.a,.a,.a,.a,.a,.a,.a,.a,.a,.a,.a,.a,.a,.a,.a,.a,.a,3,.a,.a,.a,.a,.a,.a,.a,.a,.a,.a,.a,.a,.a,.a,.a,.a,.a,.a,.a,.a,.a,.a,.a,.a,.a,.a,.a,.a,.a,2,.a,.a,3,0,0,0,0,,0
0,"1","150","72",3,3,3,3,1,3,12,5,3,3,3,3,3,3,3,2,1,3,1,5,1,5.0000,5,1,0,0,0,0,0,3,2,3,3,3,3,3,3,3,1,"1",3,1,.a,.a,.a,.a,.a,.a,.a,,,,,,7,1,1,3,1,1,1,5,,,,,,,,.a,"1",3,3,5,3,5,5,2,1,1,4,1,1,1,3,1,.a,.a,.a,.a,.a,.a,.a,.a,.a,.a,.a,.a,.a,.a,.a,.a,.a,.a,.a,.a,.a,.a,.a,.a,.a,.a,.a,.a,.a,4,.a,.a,.a,.a,.a,.a,.a,.a,.a,.a,.a,.a,.a,.a,.a,.a,.a,.a,.a,.a,.a,.a,.a,4,.a,.a,.a,.a,.a,.a,.a,.a,.a,.a,.a,.a,.a,.a,.a,.a,.a,.a,.a,.a,.a,.a,.a,4,3,0,1,1,1,0,0
0,"1","151","72",3,1,1,3,3,1,12,1,3,3,3,3,3,3,3,3,2,4,1,3,1,5.0000,3,1,0,0,0,0,0,4,4,3,3,3,3,3,3,3,4,"1",3,2,1,1,1,3,1,1,3,4,1,5,3,3,4,1,7,2,1,3,1,3,3,,3,3,3,3,3,2,"1",3,4,5,5,4,5,5,1,1,4,1,3,1,4,1,.a,.a,.a,.a,.a,.a,.a,.a,.a,.a,.a,.a,.a,.a,.a,.a,.a,.a,.a,3,.a,.a,.a,.a,.a,.a,.a,.a,.a,.a,.a,.a,.a,.a,.a,.a,.a,.a,.a,.a,.a,.a,.a,3,.a,.a,.a,.a,.a,.a,.a,.a,.a,.a,.a,.a,.a,.a,.a,.a,.a,.a,.a,.a,.a,.a,.a,3,.a,.a,.a,.a,.a,.a,.a,.a,.a,.a,3,0,0,0,0,1,1
0,"1","152","72",3,1,3,1,1,2,6,4,4,4,4,4,4,4,4,1,1,3,1,3,1,30.0000,3,1,0,0,0,0,0,3,4,2,4,2,2,3,2,3,1,"1",3,4,3,5,1,2,1,1,4,1,1,5,1,1,3,3,2,5,1,1,1,1,3,3,3,3,3,3,3,4,"1",3,4,1,1,4,5,5,1,1,4,1,1,1,4,2,.a,.a,.a,.a,.a,.a,.a,5,.a,.a,.a,.a,.a,.a,.a,.a,.a,.a,.a,.a,.a,.a,.a,.a,.a,.a,.a,.a,.a,.a,.a,2,.a,.a,.a,.a,.a,.a,.a,.a,.a,.a,.a,.a,.a,.a,.a,.a,.a,.a,.a,.a,.a,.a,.a,5,.a,.a,.a,.a,.a,.a,.a,.a,.a,.a,.a,.a,.a,.a,.a,.a,.a,.a,.a,.a,.a,.a,3,0,0,1,1,1,1
0,"1","153","73",3,1,2,1,1,2,3,4,3,3,2,3,3,3,3,2,1,3,2,3,1,5.0000,4,0,1,0,0,0,1,1,2,2,3,2,2,3,3,3,3,"1",3,4,1,3,1,2,1,3,1,4,3,4,4,4,5,3,6,3,5,3,1,2,3,3,2,3,2,3,3,3,"1",3,4,1,4,5,5,5,2,1,3,2,3,2,1,2,.a,.a,.a,.a,.a,.a,.a,.a,.a,.a,.a,.a,.a,.a,.a,.a,.a,.a,.a,.a,.a,.a,.a,.a,.a,.a,.a,6,.a,.a,.a,.a,.a,.a,.a,.a,.a,.a,.a,.a,.a,.a,.a,.a,.a,.a,.a,.a,.a,.a,.a,6,.a,.a,.a,.a,.a,.a,.a,.a,.a,.a,.a,.a,.a,.a,.a,.a,.a,.a,.a,.a,.a,.a,.a,6,.a,.a,3,0,0,1,1,1,1
0,"0","154","74",7,1,2,1,1,2,1,4,2,3,1,2,1,1,3,2,2,4,.a,5,1,.a,.a,.a,.a,.a,.a,.a,.a,.a,.a,.a,.a,.a,.a,.a,.a,.a,.a,"1",3,.a,.a,.a,.a,.a,.a,.a,.a,.a,.a,.a,.a,.a,.a,.a,.a,.a,.a,.a,.a,.a,.a,.a,.a,.a,.a,.a,.a,.a,"1",3,.a,.a,.a,.a,.a,.a,.a,.a,.a,.a,.a,.a,.a,.a,.a,.a,.a,.a,.a,.a,.a,.a,.a,.a,.a,.a,.a,.a,.a,.a,.a,.a,.a,.a,.a,.a,.a,.a,.a,.a,.a,.a,.a,.a,.a,.a,.a,.a,.a,.a,.a,.a,.a,.a,.a,.a,.a,.a,.a,.a,.a,.a,.a,.a,.a,.a,.a,.a,.a,.a,.a,.a,.a,.a,.a,.a,.a,.a,.a,.a,.a,.a,.a,.a,.a,.a,.a,.a,.a,.a,.a,.a,3,1,0,1,1,,
0,"1","155","75",2,1,3,1,1,3,5,3,2,3,2,2,3,3,3,2,2,4,1,3,0,3.0000,4,1,0,0,0,0,0,4,4,3,3,3,3,3,3,3,6,"0",3,.a,.a,.a,.a,.a,.a,.a,.a,.a,.a,.a,.a,.a,3,3,2,3,2,2,4,1,2,2,3,2,3,2,3,3,"0",3,2,1,4,4,2,3,2,1,3,2,2,2,3,1,.a,6,.a,.a,.a,.a,.a,.a,.a,.a,.a,.a,.a,.a,.a,.a,.a,.a,.a,.a,.a,.a,.a,.a,.a,7,.a,.a,.a,.a,.a,.a,.a,.a,.a,.a,.a,.a,.a,.a,.a,.a,.a,.a,.a,.a,.a,.a,.a,5,.a,.a,.a,.a,.a,.a,.a,.a,.a,.a,.a,.a,.a,.a,.a,.a,.a,.a,.a,.a,.a,.a,.a,.a,.a,.a,.a,.a,3,0,0,1,1,,0
0,"1","156","75",4,1,1,1,3,3,3,5,3,3,2,2,3,3,3,1,6,3,1,3,0,8.0000,4,1,0,0,0,0,0,3,5,3,3,3,3,3,3,3,3,"0",3,.a,.a,.a,.a,.a,.a,.a,.a,.a,.a,.a,.a,.a,5,2,1,5,2,3,1,1,3,3,3,3,3,2,3,3,"0",3,5,5,3,5,5,5,2,1,4,3,1,1,4,1,.a,.a,.a,.a,.a,.a,.a,.a,.a,.a,.a,.a,.a,.a,.a,.a,5,.a,.a,.a,.a,.a,.a,.a,.a,.a,.a,.a,.a,.a,.a,.a,.a,.a,.a,.a,.a,.a,.a,.a,2,.a,.a,.a,.a,.a,.a,.a,.a,.a,.a,.a,.a,.a,.a,.a,.a,.a,.a,.a,.a,.a,.a,.a,6,.a,.a,.a,.a,.a,.a,.a,.a,.a,.a,.a,.a,.a,3,0,0,0,1,,0
0,"1","157","75",4,1,3,1,3,1,12,2,3,3,2,3,3,3,3,5,3,4,1,3,0,8.0000,4,0,1,0,0,0,0,2,4,3,3,3,3,3,3,3,5,"0",3,.a,.a,.a,.a,.a,.a,.a,.a,.a,.a,.a,.a,.a,2,2,5,4,4,3,1,1,3,3,4,3,3,3,3,5,"0",3,4,2,4,5,5,4,1,1,4,3,2,1,3,1,.a,.a,.a,.a,.a,.a,.a,.a,.a,.a,.a,.a,.a,.a,.a,.a,.a,.a,.a,1,.a,.a,.a,.a,.a,.a,.a,.a,.a,.a,.a,.a,.a,.a,.a,.a,.a,.a,.a,.a,.a,.a,.a,6,.a,.a,.a,.a,.a,.a,.a,.a,.a,.a,.a,.a,.a,.a,.a,.a,.a,.a,.a,.a,.a,.a,.a,4,.a,.a,.a,.a,.a,.a,.a,.a,.a,.a,3,0,0,1,0,,0
0,"1","158","76",7,1,1,1,1,1,1,2,2,3,2,3,4,3,3,2,5,4,1,3,1,8.0000,3,1,0,0,0,0,0,3,2,2,3,2,3,1,1,3,5,"1",3,.a,.a,.a,.a,.a,.a,.a,.a,.a,.a,.a,.a,.a,.a,.a,.a,.a,.a,.a,.a,.a,.a,.a,.a,.a,.a,.a,.a,.a,"1",3,2,3,5,4,4,5,3,1,4,1,3,3,4,2,.a,.a,.a,.a,.a,.a,.a,.a,.a,5,.a,.a,.a,.a,.a,.a,.a,.a,.a,.a,.a,.a,.a,.a,.a,.a,.a,.a,.a,.a,.a,.a,.a,.a,.a,.a,.a,.a,.a,6,.a,.a,.a,.a,.a,.a,.a,.a,.a,.a,.a,.a,.a,.a,.a,.a,.a,.a,.a,.a,.a,.a,.a,2,.a,.a,.a,.a,.a,.a,.a,.a,.a,.a,.a,.a,.a,.a,3,1,0,0,0,,
0,"1","159","76",4,1,2,2,3,3,3,3,2,3,2,3,2,2,3,4,4,3,2,3,1,8.0000,3,1,0,0,0,0,0,2,4,3,3,3,3,3,3,3,4,"1",3,3,1,3,2,4,1,3,2,3,4,2,5,2,,2,5,4,4,3,1,,.a,.a,.a,.a,.a,.a,.a,.a,"1",3,.a,.a,.a,.a,.a,.a,.a,.a,.a,.a,.a,.a,.a,.a,.a,.a,.a,.a,.a,.a,.a,.a,.a,.a,.a,.a,.a,.a,.a,.a,.a,.a,.a,.a,.a,.a,.a,.a,.a,.a,.a,.a,.a,.a,.a,.a,.a,.a,.a,.a,.a,.a,.a,.a,.a,.a,.a,.a,.a,.a,.a,.a,.a,.a,.a,.a,.a,.a,.a,.a,.a,.a,.a,.a,.a,.a,.a,.a,.a,.a,.a,.a,.a,.a,.a,.a,.a,.a,.a,.a,.a,.a,3,0,0,1,1,1,1
0,"0","16","7",3,1,1,1,1,1,1,4,2,3,2,2,2,3,3,3,2,5,.a,3,0,3.0000,4,0,1,0,0,0,0,2,4,2,3,2,2,2,3,3,3,"0",3,.a,.a,.a,.a,.a,.a,.a,.a,.a,.a,.a,.a,.a,4,2,4,3,2,2,1,3,3,3,2,2,3,3,3,1,"0",3,4,5,2,5,5,5,2,1,4,1,2,1,3,2,.a,.a,.a,.a,.a,.a,.a,.a,.a,.a,.a,.a,.a,.a,.a,.a,.a,.a,.a,.a,.a,.a,.a,.a,.a,6,.a,.a,.a,.a,.a,.a,.a,.a,.a,.a,.a,.a,.a,.a,.a,.a,.a,.a,.a,.a,.a,.a,.a,2,.a,.a,.a,.a,.a,.a,.a,.a,.a,.a,.a,.a,.a,.a,.a,.a,.a,.a,.a,.a,.a,.a,.a,3,.a,.a,.a,.a,3,0,0,0,0,,0
0,"1","160","76",3,1,1,3,1,3,2,4,2,3,2,2,4,4,3,2,3,3,1,3,1,16.0000,3,1,0,0,0,0,0,2,4,2,3,2,2,4,4,3,4,"1",3,.a,.a,.a,.a,.a,.a,.a,.a,.a,.a,.a,.a,.a,.a,.a,.a,.a,.a,.a,.a,.a,.a,.a,.a,.a,.a,.a,.a,.a,"1",3,2,1,5,5,5,4,3,1,4,1,2,1,3,2,.a,.a,.a,.a,.a,.a,.a,.a,.a,.a,.a,.a,.a,.a,.a,.a,.a,.a,.a,.a,.a,.a,.a,.a,5,.a,.a,.a,.a,.a,.a,.a,.a,.a,.a,.a,.a,.a,.a,.a,.a,.a,.a,.a,.a,.a,.a,.a,4,.a,.a,.a,.a,.a,.a,.a,.a,.a,.a,.a,.a,.a,.a,.a,.a,.a,.a,.a,.a,.a,.a,.a,6,.a,.a,.a,.a,.a,3,0,0,0,1,,
0,"1","161","77",5,3,1,1,1,3,3,4,4,3,2,3,3,3,2,2,2,4,1,3,0,10.0000,3,1,0,0,0,0,0,3,2,3,2,2,2,2,2,2,2,"0",3,.a,.a,.a,.a,.a,.a,.a,.a,.a,.a,.a,.a,.a,6,2,5,4,4,3,1,3,3,3,3,3,2,2,3,3,"0",3,4,4,4,3,3,4,2,1,2,1,3,1,1,1,.a,4,.a,.a,.a,.a,.a,.a,.a,.a,.a,.a,.a,.a,.a,.a,.a,.a,.a,.a,.a,.a,.a,.a,.a,4,.a,.a,.a,.a,.a,.a,.a,.a,.a,.a,.a,.a,.a,.a,.a,.a,.a,.a,.a,.a,.a,.a,.a,4,.a,.a,.a,.a,.a,.a,.a,.a,.a,.a,.a,.a,.a,.a,.a,.a,.a,.a,.a,.a,.a,.a,.a,.a,.a,.a,.a,.a,3,0,1,0,1,,0
0,"1","162","77",4,2,1,1,3,2,9,4,2,4,2,2,2,2,2,4,2,4,2,3,0,8.0000,3,0,1,0,0,0,0,2,2,3,4,3,3,3,3,3,4,"0",3,.a,.a,.a,.a,.a,.a,.a,.a,.a,.a,.a,.a,.a,6,2,3,4,4,3,3,3,3,4,3,3,3,3,3,3,"0",3,5,1,4,5,5,4,3,3,3,2,1,1,2,2,.a,.a,.a,6,.a,.a,.a,.a,.a,.a,.a,.a,.a,.a,.a,.a,.a,.a,.a,.a,.a,.a,.a,.a,.a,.a,.a,5,.a,.a,.a,.a,.a,.a,.a,.a,.a,.a,.a,.a,.a,.a,.a,.a,.a,.a,.a,.a,.a,.a,.a,5,.a,.a,.a,.a,.a,.a,.a,.a,.a,.a,.a,.a,.a,.a,.a,.a,.a,.a,.a,.a,.a,.a,.a,.a,.a,.a,3,0,1,0,1,,0
0,"1","163","78",.a,.a,.a,.a,.a,.a,.a,.a,.a,.a,.a,.a,.a,.a,.a,.a,.a,.a,.a,.a,,,,,,,,,,,,,,,,,,,,"",1,,,,,,,,,,,,,,,,,,,,,,,,,,,,,,"",1,,,,,,,,,,,,,,,,,,,,,,,,,,,,,,,,,,,,,,,,,,,,,,,,,,,,,,,,,,,,,,,,,,,,,,,,,,,,,,,,,,,,,,,,,,,,,1,0,,,,,
0,"1","164","79",7,1,2,1,1,2,3,4,4,2,4,4,3,4,3,4,3,4,3,4,1,30.0000,3,0,1,0,0,0,1,3,4,4,2,4,,3,4,4,3,"1",3,.a,.a,.a,.a,.a,.a,.a,.a,.a,.a,.a,.a,.a,.a,.a,.a,.a,.a,.a,.a,.a,.a,.a,.a,.a,.a,.a,.a,.a,"1",3,.a,.a,.a,.a,.a,.a,.a,.a,.a,.a,.a,.a,.a,.a,.a,.a,.a,.a,.a,.a,.a,.a,.a,.a,.a,.a,.a,.a,.a,.a,.a,.a,.a,.a,.a,.a,.a,.a,.a,.a,.a,.a,.a,.a,.a,.a,.a,.a,.a,.a,.a,.a,.a,.a,.a,.a,.a,.a,.a,.a,.a,.a,.a,.a,.a,.a,.a,.a,.a,.a,.a,.a,.a,.a,.a,.a,.a,.a,.a,.a,.a,.a,.a,.a,.a,.a,.a,.a,.a,.a,.a,.a,3,1,0,1,1,,
0,"1","165","79",7,1,2,1,1,3,1,3,4,4,4,4,4,4,4,5,1,5,1,5,1,.a,.a,.a,.a,.a,.a,.a,.a,.a,.a,.a,.a,.a,.a,.a,.a,.a,.a,"1",3,.a,.a,.a,.a,.a,.a,.a,.a,.a,.a,.a,.a,.a,.a,.a,.a,.a,.a,.a,.a,.a,.a,.a,.a,.a,.a,.a,.a,.a,"1",3,.a,.a,.a,.a,.a,.a,.a,.a,.a,.a,.a,.a,.a,.a,.a,.a,.a,.a,.a,.a,.a,.a,.a,.a,.a,.a,.a,.a,.a,.a,.a,.a,.a,.a,.a,.a,.a,.a,.a,.a,.a,.a,.a,.a,.a,.a,.a,.a,.a,.a,.a,.a,.a,.a,.a,.a,.a,.a,.a,.a,.a,.a,.a,.a,.a,.a,.a,.a,.a,.a,.a,.a,.a,.a,.a,.a,.a,.a,.a,.a,.a,.a,.a,.a,.a,.a,.a,.a,.a,.a,.a,.a,3,1,0,1,1,,
0,"1","166","79",7,1,1,1,1,2,2,3,3,3,4,3,3,3,2,2,2,4,1,5,1,4.0000,2,1,0,0,0,0,0,1,4,3,3,4,4,3,3,2,3,"1",3,.a,.a,.a,.a,.a,.a,.a,.a,.a,.a,.a,.a,.a,.a,.a,.a,.a,.a,.a,.a,.a,.a,.a,.a,.a,.a,.a,.a,.a,"1",3,.a,.a,.a,.a,.a,.a,.a,.a,.a,.a,.a,.a,.a,.a,.a,.a,.a,.a,.a,.a,.a,.a,.a,.a,.a,.a,.a,.a,.a,.a,.a,.a,.a,.a,.a,.a,.a,.a,.a,.a,.a,.a,.a,.a,.a,.a,.a,.a,.a,.a,.a,.a,.a,.a,.a,.a,.a,.a,.a,.a,.a,.a,.a,.a,.a,.a,.a,.a,.a,.a,.a,.a,.a,.a,.a,.a,.a,.a,.a,.a,.a,.a,.a,.a,.a,.a,.a,.a,.a,.a,.a,.a,3,1,0,0,1,,
0,"0","167","80",4,1,2,1,1,2,1,3,2,2,1,1,2,2,2,4,1,4,.a,3,0,10.0000,3,1,0,0,0,0,0,3,2,2,2,2,2,2,3,3,5,"0",3,.a,.a,.a,.a,.a,.a,.a,.a,.a,.a,.a,.a,.a,.a,.a,.a,.a,.a,.a,.a,.a,.a,.a,.a,.a,.a,.a,.a,.a,"0",3,.a,.a,.a,.a,.a,.a,.a,.a,.a,.a,.a,.a,.a,.a,.a,.a,.a,.a,.a,.a,.a,.a,.a,.a,.a,.a,.a,.a,.a,.a,.a,.a,.a,.a,.a,.a,.a,.a,.a,.a,.a,.a,.a,.a,.a,.a,.a,.a,.a,.a,.a,.a,.a,.a,.a,.a,.a,.a,.a,.a,.a,.a,.a,.a,.a,.a,.a,.a,.a,.a,.a,.a,.a,.a,.a,.a,.a,.a,.a,.a,.a,.a,.a,.a,.a,.a,.a,.a,.a,.a,.a,.a,3,0,0,1,1,,0
0,"0","168","80",4,1,3,2,1,2,3,5,1,1,2,1,2,3,1,2,4,4,.a,5,0,40.0000,2,0,1,0,0,0,1,2,5,2,3,1,1,1,2,2,2,"0",3,.a,.a,.a,.a,.a,.a,.a,.a,.a,.a,.a,.a,.a,.a,.a,.a,.a,.a,.a,.a,.a,.a,.a,.a,.a,.a,.a,.a,.a,"0",3,.a,.a,.a,.a,.a,.a,.a,.a,.a,.a,.a,.a,.a,.a,.a,.a,.a,.a,.a,.a,.a,.a,.a,.a,.a,.a,.a,.a,.a,.a,.a,.a,.a,.a,.a,.a,.a,.a,.a,.a,.a,.a,.a,.a,.a,.a,.a,.a,.a,.a,.a,.a,.a,.a,.a,.a,.a,.a,.a,.a,.a,.a,.a,.a,.a,.a,.a,.a,.a,.a,.a,.a,.a,.a,.a,.a,.a,.a,.a,.a,.a,.a,.a,.a,.a,.a,.a,.a,.a,.a,.a,.a,3,0,0,1,1,,0
0,"1","169","81",2,1,2,1,1,1,5,3,2,2,2,2,3,4,4,4,6,4,1,6,,,,,,,,,,,,,,,,,,,,"",1,,,,,,,,,,,,,,,,,,,,,,,,,,,,,,"",1,,,,,,,,,,,,,,,,,,,,,,,,,,,,,,,,,,,,,,,,,,,,,,,,,,,,,,,,,,,,,,,,,,,,,,,,,,,,,,,,,,,,,,,,,,,,,1,0,0,1,0,,
0,"0","17","7",3,3,2,1,2,3,7,5,3,3,3,3,3,3,3,5,4,5,.a,3,0,5.0000,4,0,1,0,0,0,0,3,4,3,3,3,3,3,4,3,4,"0",3,.a,.a,.a,.a,.a,.a,.a,.a,.a,.a,.a,.a,.a,7,1,4,5,4,5,1,3,3,3,3,3,3,3,3,7,"0",3,2,1,4,5,5,5,1,1,3,3,1,1,1,1,.a,.a,.a,.a,.a,.a,.a,.a,.a,.a,1,.a,.a,.a,.a,.a,.a,.a,.a,.a,.a,.a,.a,.a,.a,.a,.a,.a,.a,.a,.a,.a,.a,.a,1,.a,.a,.a,.a,.a,.a,.a,.a,.a,.a,.a,.a,.a,.a,.a,.a,.a,.a,.a,.a,.a,.a,.a,6,.a,.a,.a,.a,.a,.a,.a,.a,.a,.a,.a,.a,.a,.a,.a,.a,.a,.a,.a,3,0,1,1,1,,0
0,"0","170","82",4,1,1,1,1,1,2,4,3,3,2,2,3,3,3,1,2,4,.a,5,0,10.0000,3,0,1,0,0,0,1,3,4,3,3,2,3,3,3,3,4,"0",3,.a,.a,.a,.a,.a,.a,.a,.a,.a,.a,.a,.a,.a,.a,.a,.a,.a,.a,.a,.a,.a,.a,.a,.a,.a,.a,.a,.a,.a,"0",3,4,2,2,3,4,2,1,2,4,1,1,1,1,2,.a,.a,.a,.a,.a,.a,.a,.a,.a,.a,.a,.a,.a,.a,.a,2,.a,.a,.a,.a,.a,.a,.a,.a,.a,.a,.a,.a,.a,.a,.a,.a,.a,.a,.a,.a,.a,.a,.a,3,.a,.a,.a,.a,.a,.a,.a,.a,.a,.a,.a,.a,.a,.a,.a,.a,.a,.a,.a,.a,.a,.a,.a,3,.a,.a,.a,.a,.a,.a,.a,.a,.a,.a,.a,.a,.a,.a,3,0,0,0,0,,0
0,"0","171","82",4,1,1,1,3,2,5,4,3,3,2,3,3,3,3,1,3,3,.a,3,0,8.0000,3,1,0,0,0,0,0,2,5,3,3,3,3,3,3,3,3,"0",3,.a,.a,.a,.a,.a,.a,.a,.a,.a,.a,.a,.a,.a,4,2,2,5,4,3,1,3,3,3,3,3,3,3,3,2,"0",3,5,,4,4,4,4,2,5,4,1,1,1,1,1,.a,2,.a,.a,.a,.a,.a,.a,.a,.a,.a,.a,.a,.a,.a,.a,.a,.a,.a,.a,.a,.a,.a,.a,.a,5,.a,.a,.a,.a,.a,.a,.a,.a,.a,.a,.a,.a,.a,.a,.a,.a,.a,.a,.a,.a,.a,.a,.a,.a,.a,.a,.a,.a,.a,4,.a,.a,.a,.a,.a,.a,.a,.a,.a,.a,.a,.a,.a,.a,.a,.a,.a,.a,.a,.a,.a,.a,3,0,0,0,1,,0
0,"0","172","83",4,2,1,1,1,1,3,3,3,3,3,3,3,3,3,2,4,4,.a,3,0,8.0000,2,1,0,0,0,0,0,3,4,2,3,2,3,3,3,3,2,"0",3,.a,.a,.a,.a,.a,.a,.a,.a,.a,.a,.a,.a,.a,2,2,6,3,3,3,1,1,3,3,3,3,3,3,3,1,"0",3,2,1,4,4,5,4,4,1,3,1,3,1,1,1,.a,.a,.a,.a,.a,.a,.a,.a,.a,.a,.a,.a,.a,.a,.a,.a,.a,3,.a,.a,.a,.a,.a,.a,.a,.a,.a,.a,.a,.a,.a,.a,.a,.a,.a,.a,.a,.a,.a,.a,.a,2,.a,.a,.a,.a,.a,.a,.a,.a,.a,.a,.a,.a,.a,.a,.a,.a,.a,.a,.a,.a,.a,.a,.a,3,.a,.a,.a,.a,.a,.a,.a,.a,.a,.a,.a,.a,3,0,1,0,0,,0
0,"1","173","84",4,1,3,1,1,2,5,3,4,3,4,4,2,4,3,2,2,2,1,3,1,6.0000,4,0,1,0,0,0,0,1,4,3,3,3,4,3,3,3,2,"1",3,2,1,1,4,4,1,1,2,3,3,3,3,3,3,3,4,5,1,1,1,2,3,2,3,2,3,3,2,1,"1",3,.a,.a,.a,.a,.a,.a,.a,.a,.a,.a,.a,.a,.a,.a,.a,.a,.a,.a,.a,.a,.a,.a,.a,.a,.a,.a,.a,.a,.a,.a,.a,.a,.a,.a,.a,.a,.a,.a,.a,.a,.a,.a,.a,.a,.a,.a,.a,.a,.a,.a,.a,.a,.a,.a,.a,.a,.a,.a,.a,.a,.a,.a,.a,.a,.a,.a,.a,.a,.a,.a,.a,.a,.a,.a,.a,.a,.a,.a,.a,.a,.a,.a,.a,.a,.a,.a,.a,.a,.a,.a,.a,.a,3,0,0,1,1,1,1
0,"1","174","84",4,1,2,1,2,1,7,3,2,3,1,2,2,3,2,2,3,5,1,3,1,9.0000,3,0,1,0,0,0,0,2,4,2,3,2,3,3,2,2,2,"1",3,2,1,2,2,4,1,2,3,3,2,3,1,3,2,3,6,4,2,1,1,2,,3,2,2,3,2,2,.a,"1",3,2,4,5,4,5,2,2,1,4,1,1,1,3,1,.a,.a,.a,.a,.a,.a,.a,.a,.a,.a,.a,.a,.a,.a,.a,.a,.a,.a,.a,.a,.a,.a,.a,.a,.a,5,.a,.a,.a,.a,.a,.a,.a,.a,.a,.a,.a,.a,.a,.a,.a,.a,.a,.a,.a,.a,.a,.a,.a,6,.a,.a,.a,.a,.a,.a,.a,.a,.a,.a,.a,.a,.a,.a,.a,.a,.a,.a,.a,.a,.a,.a,.a,2,.a,.a,.a,.a,3,0,0,1,0,1,1
0,"0","175","85",4,1,2,1,1,2,5,3,2,3,1,1,3,1,2,5,1,3,.a,5,,,,,,,,,,,,,,,,,,,,"",1,,,,,,,,,,,,,,,,,,,,,,,,,,,,,,"",1,,,,,,,,,,,,,,,,,,,,,,,,,,,,,,,,,,,,,,,,,,,,,,,,,,,,,,,,,,,,,,,,,,,,,,,,,,,,,,,,,,,,,,,,,,,,,1,0,0,1,1,,
0,"1","176","86",3,3,1,3,1,3,5,5,2,3,3,2,,3,3,4,,5,3,5,1,0.0000,2,0,1,0,0,0,0,3,,,,,,,,,.a,"1",3,1,.a,.a,.a,.a,.a,.a,.a,,,,,,4,3,1,3,5,4,1,4,,4,2,2,2,4,3,.a,"1",3,5,5,1,5,4,,1,1,4,1,1,1,4,2,.a,.a,.a,.a,.a,.a,.a,.a,.a,.a,.a,.a,.a,.a,.a,.a,.a,.a,.a,.a,.a,.a,5,.a,.a,.a,.a,.a,.a,.a,.a,.a,.a,.a,.a,.a,.a,.a,.a,.a,.a,.a,.a,.a,.a,.a,1,.a,.a,.a,.a,.a,.a,.a,.a,.a,.a,.a,.a,.a,.a,.a,.a,.a,.a,.a,.a,.a,.a,.a,.a,.a,.a,.a,.a,.a,1,.a,3,0,1,0,1,0,0
0,"1","177","86",3,1,1,1,1,1,4,3,2,2,4,4,4,4,4,4,2,3,1,5,1,10.0000,2,1,0,0,0,0,0,4,1,3,3,3,3,3,2,3,3,"1",3,2,1,2,1,4,1,1,1,3,3,3,3,1,6,2,6,3,3,3,1,1,2,4,2,2,3,2,3,5,"1",3,3,5,4,3,4,4,4,1,4,1,1,1,3,1,.a,.a,.a,.a,.a,.a,.a,.a,.a,.a,.a,.a,.a,.a,.a,.a,.a,.a,.a,1,.a,.a,.a,.a,.a,.a,.a,.a,.a,.a,.a,.a,.a,.a,.a,.a,.a,.a,.a,.a,.a,.a,.a,3,.a,.a,.a,.a,.a,.a,.a,.a,.a,.a,.a,.a,.a,.a,.a,.a,.a,.a,.a,.a,.a,.a,.a,6,.a,.a,.a,.a,.a,.a,.a,.a,.a,.a,3,0,0,0,0,1,1
0,"1","178","86",3,2,1,1,1,1,3,3,2,3,2,2,3,2,3,3,1,5,2,5,1,15.0000,3,0,1,0,0,0,0,2,2,4,3,3,3,3,3,3,4,"1",3,.a,.a,.a,.a,.a,.a,.a,.a,.a,.a,.a,.a,.a,.a,.a,.a,.a,.a,.a,.a,.a,.a,.a,.a,.a,.a,.a,.a,.a,"1",3,5,5,3,3,5,5,4,5,4,2,2,2,4,2,.a,.a,.a,.a,.a,.a,.a,.a,.a,.a,6,.a,.a,.a,.a,.a,.a,.a,.a,.a,.a,.a,.a,.a,.a,.a,.a,.a,.a,.a,.a,.a,.a,.a,4,.a,.a,.a,.a,.a,.a,.a,.a,.a,.a,.a,.a,.a,.a,.a,.a,.a,.a,.a,.a,.a,.a,.a,.a,.a,.a,.a,.a,.a,4,.a,.a,.a,.a,.a,.a,.a,.a,.a,.a,.a,.a,.a,3,0,1,0,0,,
0,"1","179","87",4,1,3,1,1,2,5,4,3,3,4,3,4,4,3,1,2,4,1,3,1,20.0000,3,1,0,0,0,0,0,2,4,3,3,3,3,3,3,3,2,"1",3,4,2,4,2,3,2,3,3,4,2,4,1,2,4,3,6,4,4,3,1,2,2,2,2,2,2,2,2,3,"1",3,4,1,4,5,5,5,4,1,4,1,3,1,1,1,.a,.a,.a,.a,.a,.a,.a,.a,.a,.a,.a,.a,.a,.a,.a,.a,.a,3,.a,.a,.a,.a,.a,.a,.a,.a,.a,.a,.a,.a,.a,.a,.a,.a,.a,.a,.a,.a,.a,.a,.a,5,.a,.a,.a,.a,.a,.a,.a,.a,.a,.a,.a,.a,.a,.a,.a,.a,.a,.a,.a,.a,.a,.a,.a,.a,.a,.a,.a,.a,.a,5,.a,.a,.a,.a,.a,.a,3,0,0,1,1,1,1
0,"0","18","8",3,2,3,3,1,3,9,5,2,3,2,2,3,2,3,2,3,3,.a,3,1,6.0000,4,0,1,0,0,0,0,2,,2,3,2,2,3,3,3,5,"1",3,2,1,4,2,4,1,1,3,4,4,3,1,2,3,2,2,5,3,2,3,1,2,3,2,2,3,3,2,5,"1",3,4,4,4,5,5,3,3,4,4,1,1,1,3,1,.a,.a,.a,.a,.a,.a,.a,.a,.a,.a,.a,.a,.a,.a,.a,3,.a,.a,.a,.a,.a,.a,.a,.a,.a,.a,.a,.a,.a,.a,.a,.a,.a,.a,.a,.a,.a,.a,.a,4,.a,.a,.a,.a,.a,.a,.a,.a,.a,.a,.a,.a,.a,.a,.a,.a,.a,.a,.a,.a,.a,.a,.a,.a,.a,.a,.a,.a,.a,5,.a,.a,.a,.a,.a,.a,.a,.a,3,0,1,1,1,1,1
0,"1","180","88",3,2,2,1,3,3,4,4,3,3,2,3,2,3,3,4,4,4,2,5,0,10.0000,3,0,0,1,0,0,0,2,2,3,3,2,3,3,2,3,3,"0",3,,,,,,,,,,,,,,,,,,,,,,,,,,,,,,"",1,,,,,,,,,,,,,,,,,,,,,,,,,,,,,,,,,,,,,,,,,,,,,,,,,,,,,,,,,,,,,,,,,,,,,,,,,,,,,,,,,,,,,,,,,,,,,1,0,1,1,1,,0
0,"1","181","88",4,1,3,3,3,2,12,3,3,3,2,2,3,3,3,3,3,4,1,5,0,6.5000,4,0,1,0,0,0,0,2,2,3,4,3,3,3,3,3,3,"0",3,,,,,,,,,,,,,,,,,,,,,,,,,,,,,,"",1,,,,,,,,,,,,,,,,,,,,,,,,,,,,,,,,,,,,,,,,,,,,,,,,,,,,,,,,,,,,,,,,,,,,,,,,,,,,,,,,,,,,,,,,,,,,,1,0,0,1,1,,0
0,"1","182","89",4,1,1,1,1,1,5,3,2,3,1,1,2,2,3,2,4,3,1,3,,,,,,,,,,,,,,,,,,,,"",1,,,,,,,,,,,,,,,,,,,,,,,,,,,,,,"",1,,,,,,,,,,,,,,,,,,,,,,,,,,,,,,,,,,,,,,,,,,,,,,,,,,,,,,,,,,,,,,,,,,,,,,,,,,,,,,,,,,,,,,,,,,,,,1,0,0,0,0,,
0,"0","183","90",3,1,3,1,1,1,6,3,3,3,2,2,2,3,3,3,2,5,.a,3,1,35.0000,3,1,0,0,0,0,0,2,4,3,3,4,2,2,4,3,2,"1",3,.a,.a,.a,.a,.a,.a,.a,.a,.a,.a,.a,.a,.a,.a,.a,.a,.a,.a,.a,.a,.a,.a,.a,.a,.a,.a,.a,.a,.a,"1",3,.a,.a,.a,.a,.a,.a,.a,.a,.a,.a,.a,.a,.a,.a,.a,.a,.a,.a,.a,.a,.a,.a,.a,.a,.a,.a,.a,.a,.a,.a,.a,.a,.a,.a,.a,.a,.a,.a,.a,.a,.a,.a,.a,.a,.a,.a,.a,.a,.a,.a,.a,.a,.a,.a,.a,.a,.a,.a,.a,.a,.a,.a,.a,.a,.a,.a,.a,.a,.a,.a,.a,.a,.a,.a,.a,.a,.a,.a,.a,.a,.a,.a,.a,.a,.a,.a,.a,.a,.a,.a,.a,.a,3,0,0,1,0,,
0,"0","184","91",6,1,2,2,1,2,4,2,2,3,2,3,2,2,3,5,2,5,.a,3,1,10.0000,2,0,1,0,0,0,0,2,2,2,3,2,3,2,3,2,5,"1",3,,,,,,,,,,,,,,,,,,,,,,,,,,,,,,"",1,,,,,,,,,,,,,,,,,,,,,,,,,,,,,,,,,,,,,,,,,,,,,,,,,,,,,,,,,,,,,,,,,,,,,,,,,,,,,,,,,,,,,,,,,,,,,1,0,0,1,1,,
0,"1","185","92",3,2,3,1,1,1,2,1,3,3,3,3,4,3,3,2,1,5,1,3,,,,,,,,,,,,,,,,,,,,"",1,,,,,,,,,,,,,,,,,,,,,,,,,,,,,,"",1,,,,,,,,,,,,,,,,,,,,,,,,,,,,,,,,,,,,,,,,,,,,,,,,,,,,,,,,,,,,,,,,,,,,,,,,,,,,,,,,,,,,,,,,,,,,,1,0,1,1,0,,
0,"0","186","93",6,1,1,1,1,1,1,4,2,3,2,3,2,3,2,2,4,5,.a,3,1,10.0000,3,0,1,0,0,0,1,2,2,2,3,2,2,2,2,3,3,"1",3,3,1,4,2,3,1,3,3,3,3,2,4,4,5,3,6,4,4,3,2,3,2,4,4,3,4,4,3,2,"1",3,4,5,4,5,4,5,3,1,3,4,2,2,2,2,.a,.a,.a,.a,.a,.a,.a,.a,.a,.a,.a,.a,.a,.a,.a,.a,.a,.a,.a,.a,.a,.a,5,.a,.a,.a,.a,.a,.a,.a,.a,.a,.a,.a,.a,.a,.a,.a,.a,.a,.a,.a,.a,.a,.a,.a,5,.a,.a,.a,.a,.a,.a,.a,.a,.a,.a,.a,.a,.a,.a,.a,.a,.a,.a,.a,.a,.a,.a,.a,6,.a,.a,.a,.a,.a,.a,.a,3,0,0,0,0,1,1
0,"0","187","93",5,2,1,1,2,1,2,3,3,3,4,2,2,4,2,2,3,4,.a,3,1,10.0000,3,0,1,0,0,0,0,2,2,2,4,4,2,2,4,4,2,"1",3,3,1,4,1,3,2,4,3,2,4,2,4,3,3,3,6,2,3,4,2,3,3,3,4,4,4,4,3,2,"1",3,5,2,4,4,4,4,3,1,3,1,4,2,2,2,.a,.a,.a,.a,.a,.a,.a,.a,.a,.a,.a,6,.a,.a,.a,.a,.a,.a,.a,.a,.a,.a,.a,.a,.a,.a,.a,.a,.a,.a,.a,.a,.a,.a,.a,5,.a,.a,.a,.a,.a,.a,.a,.a,.a,.a,.a,.a,.a,.a,.a,.a,.a,.a,.a,.a,.a,.a,.a,4,.a,.a,.a,.a,.a,.a,.a,.a,.a,.a,.a,.a,.a,.a,.a,.a,.a,.a,3,0,1,0,0,1,1
0,"0","188","93",4,1,1,1,1,1,3,4,2,2,2,2,2,4,2,3,3,3,.a,3,1,4.0000,3,1,0,0,0,0,0,3,4,3,4,3,3,4,4,3,3,"1",3,3,1,3,3,3,2,2,3,2,3,4,2,3,5,3,5,4,4,3,3,3,3,3,3,3,3,2,3,5,"1",3,4,4,4,4,5,4,3,1,3,1,2,1,2,1,.a,.a,.a,.a,.a,.a,.a,.a,.a,.a,.a,.a,.a,.a,.a,.a,.a,.a,5,.a,.a,.a,.a,.a,.a,.a,.a,.a,.a,.a,.a,.a,.a,.a,.a,.a,.a,.a,.a,.a,.a,.a,3,.a,.a,.a,.a,.a,.a,.a,.a,.a,.a,.a,.a,.a,.a,.a,.a,.a,.a,.a,.a,.a,.a,.a,5,.a,.a,.a,.a,.a,.a,.a,.a,.a,.a,.a,3,0,0,0,0,1,1
0,"1","189","94",4,1,1,1,1,1,1,3,3,3,3,3,3,3,3,2,5,3,1,3,1,10.0000,3,1,0,0,0,0,0,2,2,3,3,4,2,,3,3,2,"1",3,1,.a,.a,.a,.a,.a,.a,.a,2,2,4,4,3,6,2,6,4,4,4,3,3,3,3,2,4,4,3,3,2,"1",3,4,1,4,4,4,5,2,1,3,1,3,1,2,1,.a,.a,.a,.a,.a,.a,.a,.a,.a,.a,.a,.a,.a,.a,.a,.a,.a,.a,.a,.a,.a,4,.a,.a,.a,.a,.a,.a,.a,.a,.a,.a,.a,.a,.a,.a,.a,.a,.a,.a,.a,.a,.a,.a,.a,.a,.a,.a,.a,.a,.a,5,.a,.a,.a,.a,.a,.a,.a,.a,.a,.a,.a,.a,.a,.a,.a,.a,.a,.a,.a,.a,.a,.a,.a,5,.a,.a,3,0,0,0,0,0,0
0,"0","19","8",3,3,3,3,3,3,3,5,2,3,2,2,2,2,3,3,2,4,.a,3,1,6.0000,4,0,0,1,0,1,1,2,2,2,3,2,2,2,2,3,3,"1",3,2,1,1,4,4,1,2,4,2,3,5,5,1,1,3,5,5,3,2,3,1,2,3,2,2,2,2,3,2,"1",3,4,5,4,5,2,3,1,1,3,2,1,1,2,1,.a,.a,.a,.a,.a,.a,.a,.a,.a,.a,.a,.a,.a,2,.a,.a,.a,.a,.a,.a,.a,.a,.a,.a,.a,.a,.a,.a,.a,.a,.a,.a,.a,.a,.a,.a,.a,5,.a,.a,.a,.a,.a,.a,.a,.a,.a,.a,.a,.a,.a,.a,.a,.a,.a,.a,.a,.a,.a,.a,.a,.a,.a,.a,.a,.a,.a,2,.a,.a,.a,.a,.a,.a,.a,.a,.a,.a,3,0,1,1,1,1,1
0,"0","190","95",3,3,3,3,3,2,12,3,3,4,2,3,2,4,3,3,4,3,.a,3,0,4.0000,4,1,0,0,0,0,0,3,4,2,4,3,3,3,3,3,5,"0",3,.a,.a,.a,.a,.a,.a,.a,.a,.a,.a,.a,.a,.a,5,2,4,5,4,4,1,4,3,3,3,3,3,3,3,6,"0",3,4,4,4,5,5,4,4,1,3,1,2,1,3,1,.a,.a,.a,.a,.a,.a,.a,.a,.a,.a,.a,.a,.a,.a,.a,.a,.a,5,.a,.a,.a,.a,.a,.a,.a,.a,.a,.a,.a,.a,.a,.a,.a,.a,.a,.a,.a,.a,.a,.a,.a,.a,.a,.a,.a,.a,.a,6,.a,.a,.a,.a,.a,.a,.a,.a,.a,.a,.a,.a,.a,.a,.a,.a,.a,.a,.a,.a,.a,.a,.a,6,.a,.a,.a,.a,.a,.a,3,0,1,1,1,,0
0,"0","191","95",2,1,1,1,1,2,1,3,3,3,3,3,4,3,3,1,,3,.a,3,0,2.0000,3,1,0,0,0,0,0,3,2,3,3,3,3,3,3,3,3,"0",3,.a,.a,.a,.a,.a,.a,.a,.a,.a,.a,.a,.a,.a,5,2,5,5,4,4,1,4,3,3,3,3,3,3,3,6,"0",3,4,4,2,4,4,4,2,1,4,1,3,1,1,2,.a,4,.a,.a,.a,.a,.a,.a,.a,.a,.a,.a,.a,.a,.a,.a,.a,.a,.a,.a,.a,.a,.a,.a,.a,6,.a,.a,.a,.a,.a,.a,.a,.a,.a,.a,.a,.a,.a,.a,.a,.a,.a,.a,.a,.a,.a,.a,.a,5,.a,.a,.a,.a,.a,.a,.a,.a,.a,.a,.a,.a,.a,.a,.a,.a,.a,.a,.a,.a,.a,.a,.a,.a,.a,.a,.a,.a,3,0,0,0,1,,0
0,"0","192","95",3,1,1,1,1,2,12,5,3,3,3,3,3,3,3,4,2,2,.a,3,0,5.0000,4,1,0,0,0,0,1,2,4,3,3,3,3,3,3,3,4,"0",3,.a,.a,.a,.a,.a,.a,.a,.a,.a,.a,.a,.a,.a,4,2,2,4,3,2,1,4,3,3,3,3,3,3,3,5,"0",3,2,1,1,4,5,4,1,1,3,1,1,1,3,,.a,.a,.a,.a,.a,.a,.a,.a,.a,.a,.a,.a,2,.a,.a,.a,.a,.a,.a,.a,.a,.a,.a,.a,.a,.a,.a,.a,.a,.a,.a,.a,.a,.a,.a,.a,3,.a,.a,.a,.a,.a,.a,.a,.a,.a,.a,.a,.a,.a,.a,.a,.a,.a,.a,.a,.a,.a,.a,.a,.a,.a,.a,.a,.a,.a,5,.a,.a,.a,.a,.a,.a,.a,.a,.a,.a,.a,3,0,0,0,1,,0
0,"1","193","96",4,1,3,1,1,2,3,3,1,3,2,1,1,1,1,1,1,5,1,5,0,7.0000,4,1,0,0,0,0,0,1,2,2,4,4,2,2,2,2,1,"0",3,.a,.a,.a,.a,.a,.a,.a,.a,.a,.a,.a,.a,.a,4,3,3,5,5,5,1,1,3,3,3,3,3,3,3,2,"0",3,4,1,5,4,5,4,4,1,2,1,1,1,1,2,.a,.a,.a,.a,.a,.a,.a,.a,.a,2,.a,.a,.a,.a,.a,.a,.a,.a,.a,.a,.a,.a,.a,.a,.a,.a,.a,.a,.a,.a,.a,.a,.a,.a,.a,.a,.a,.a,.a,1,.a,.a,.a,.a,.a,.a,.a,.a,.a,.a,.a,.a,.a,.a,.a,.a,.a,.a,.a,.a,.a,.a,.a,1,.a,.a,.a,.a,.a,.a,.a,.a,.a,.a,.a,.a,.a,.a,3,0,0,1,1,,0
0,"0","194","97",4,1,1,1,1,2,2,2,4,4,2,2,4,4,4,2,2,4,.a,3,1,6.0000,4,1,0,0,0,0,0,1,4,4,4,4,3,4,4,4,5,"1",3,2,3,3,1,4,2,2,1,4,4,3,5,1,4,2,5,2,4,3,1,2,3,3,3,3,3,3,3,5,"1",3,1,5,5,5,4,5,2,1,2,1,4,2,1,1,.a,.a,.a,.a,.a,.a,.a,.a,.a,.a,.a,.a,.a,.a,.a,.a,.a,.a,3,.a,.a,.a,.a,.a,.a,.a,.a,.a,.a,.a,.a,.a,.a,.a,.a,.a,.a,.a,.a,.a,.a,.a,.a,.a,.a,.a,.a,.a,3,.a,.a,.a,.a,.a,.a,.a,.a,.a,.a,.a,.a,.a,.a,.a,.a,.a,.a,.a,.a,.a,.a,.a,6,.a,.a,.a,.a,.a,3,0,0,0,1,1,1
0,"0","195","97",4,1,1,1,1,3,5,4,3,3,4,2,2,4,3,2,2,4,.a,3,1,6.0000,4,0,1,0,0,0,0,1,4,3,4,4,2,2,3,3,2,"1",3,3,1,3,2,3,4,3,4,2,3,4,5,1,5,3,5,4,4,4,1,2,3,3,2,2,3,2,3,3,"1",3,3,1,4,4,5,4,2,4,4,1,2,1,3,1,.a,.a,6,.a,.a,.a,.a,.a,.a,.a,.a,.a,.a,.a,.a,.a,.a,.a,.a,.a,.a,.a,.a,.a,.a,.a,2,.a,.a,.a,.a,.a,.a,.a,.a,.a,.a,.a,.a,.a,.a,.a,.a,.a,.a,.a,.a,.a,.a,.a,5,.a,.a,.a,.a,.a,.a,.a,.a,.a,.a,.a,.a,.a,.a,.a,.a,.a,.a,.a,.a,.a,.a,.a,.a,.a,.a,.a,3,0,0,0,1,1,1
0,"0","196","98",4,2,1,1,1,1,2,3,2,3,2,1,2,3,2,6,2,4,.a,3,0,10.0000,3,0,1,0,0,0,1,2,4,2,4,2,2,2,4,3,6,"0",3,.a,.a,.a,.a,.a,.a,.a,.a,.a,.a,.a,.a,.a,3,3,5,2,4,4,1,1,3,2,3,2,3,3,3,5,"0",3,.a,.a,.a,.a,.a,.a,.a,.a,.a,.a,.a,.a,.a,.a,.a,.a,.a,.a,.a,.a,.a,.a,.a,.a,.a,.a,.a,.a,.a,.a,.a,.a,.a,.a,.a,.a,.a,.a,.a,.a,.a,.a,.a,.a,.a,.a,.a,.a,.a,.a,.a,.a,.a,.a,.a,.a,.a,.a,.a,.a,.a,.a,.a,.a,.a,.a,.a,.a,.a,.a,.a,.a,.a,.a,.a,.a,.a,.a,.a,.a,.a,.a,.a,.a,.a,.a,.a,.a,.a,.a,.a,.a,3,0,1,0,0,,0
0,"0","197","98",4,1,1,1,1,1,3,3,2,3,2,2,3,3,3,2,1,4,.a,3,0,2.0000,4,1,0,0,0,0,0,3,4,3,,,,,,,3,"0",3,.a,.a,.a,.a,.a,.a,.a,.a,.a,.a,.a,.a,.a,5,2,5,4,4,5,1,1,.a,.a,.a,.a,.a,.a,.a,.a,"0",3,2,1,3,5,5,4,3,1,4,2,2,1,3,2,.a,.a,.a,.a,.a,.a,5,.a,.a,.a,.a,.a,.a,.a,.a,.a,.a,.a,.a,.a,.a,.a,.a,.a,.a,.a,.a,.a,.a,.a,5,.a,.a,.a,.a,.a,.a,.a,.a,.a,.a,.a,.a,.a,.a,.a,.a,.a,.a,.a,.a,.a,.a,.a,.a,.a,.a,.a,.a,.a,6,.a,.a,.a,.a,.a,.a,.a,.a,.a,.a,.a,.a,.a,.a,.a,.a,.a,3,0,0,0,0,,0
0,"1","198","99",5,1,1,1,1,1,5,3,4,3,3,3,4,4,3,2,3,2,1,3,0,.a,.a,.a,.a,.a,.a,.a,.a,.a,.a,.a,.a,.a,.a,.a,.a,.a,.a,"0",3,,,,,,,,,,,,,,,,,,,,,,,,,,,,,,"",1,,,,,,,,,,,,,,,,,,,,,,,,,,,,,,,,,,,,,,,,,,,,,,,,,,,,,,,,,,,,,,,,,,,,,,,,,,,,,,,,,,,,,,,,,,,,,1,0,0,0,0,,0
0,"1","199","99",5,1,1,1,1,1,3,4,2,3,2,1,2,2,3,2,2,4,1,3,0,.a,.a,.a,.a,.a,.a,.a,.a,.a,.a,.a,.a,.a,.a,.a,.a,.a,.a,"0",3,,,,,,,,,,,,,,,,,,,,,,,,,,,,,,"",1,,,,,,,,,,,,,,,,,,,,,,,,,,,,,,,,,,,,,,,,,,,,,,,,,,,,,,,,,,,,,,,,,,,,,,,,,,,,,,,,,,,,,,,,,,,,,1,0,0,0,0,,0
0,"0","2","1",7,1,3,1,1,2,9,4,3,3,2,3,2,2,3,4,2,3,.a,3,1,6.0000,3,1,0,0,0,0,0,2,4,4,4,4,4,2,4,4,4,"1",3,1,.a,.a,.a,.a,.a,.a,.a,2,3,2,4,1,1,2,7,3,4,5,2,2,3,3,3,3,3,3,3,2,"1",3,3,5,3,4,5,4,3,1,4,4,2,2,4,1,.a,.a,.a,.a,.a,.a,.a,.a,.a,.a,.a,.a,.a,.a,.a,.a,.a,.a,2,.a,.a,.a,.a,.a,.a,.a,.a,.a,.a,.a,.a,.a,.a,.a,.a,.a,.a,.a,.a,.a,.a,.a,3,.a,.a,.a,.a,.a,.a,.a,.a,.a,.a,.a,.a,.a,.a,.a,.a,.a,.a,.a,.a,.a,.a,.a,.a,.a,.a,.a,.a,.a,5,.a,.a,.a,.a,.a,3,1,0,1,1,0,0
0,"0","20","8",3,2,1,1,1,3,3,3,2,3,2,2,2,3,2,2,1,3,.a,3,1,4.0000,4,0,1,0,0,0,0,2,4,2,3,2,2,2,3,3,4,"1",3,2,1,1,4,4,2,3,4,,,,,,5,3,4,4,3,3,1,4,3,3,3,3,3,3,3,5,"1",3,3,1,3,4,5,4,1,5,4,2,1,1,2,1,.a,.a,.a,.a,.a,.a,.a,.a,.a,.a,.a,.a,.a,.a,.a,2,.a,.a,.a,.a,.a,.a,.a,.a,.a,.a,.a,.a,.a,.a,.a,.a,.a,.a,.a,.a,.a,.a,.a,5,.a,.a,.a,.a,.a,.a,.a,.a,.a,.a,.a,.a,.a,.a,.a,.a,.a,.a,.a,.a,.a,.a,.a,2,.a,.a,.a,.a,.a,.a,.a,.a,.a,.a,.a,.a,.a,.a,3,0,1,0,1,1,1
0,"1","200","100",3,1,1,1,1,1,1,2,3,3,4,3,3,4,3,2,3,2,1,3,,,,,,,,,,,,,,,,,,,,"",1,,,,,,,,,,,,,,,,,,,,,,,,,,,,,,"",1,,,,,,,,,,,,,,,,,,,,,,,,,,,,,,,,,,,,,,,,,,,,,,,,,,,,,,,,,,,,,,,,,,,,,,,,,,,,,,,,,,,,,,,,,,,,,1,0,0,0,0,,
0,"1","201","100",3,1,1,2,1,2,1,5,2,2,2,2,3,4,3,2,3,3,1,3,,,,,,,,,,,,,,,,,,,,"",1,,,,,,,,,,,,,,,,,,,,,,,,,,,,,,"",1,,,,,,,,,,,,,,,,,,,,,,,,,,,,,,,,,,,,,,,,,,,,,,,,,,,,,,,,,,,,,,,,,,,,,,,,,,,,,,,,,,,,,,,,,,,,,1,0,0,0,1,,
0,"0","202","101",3,1,1,1,1,2,1,5,2,1,1,1,2,2,1,4,1,4,.a,5,1,8.0000,3,0,1,0,0,0,0,3,2,1,1,1,1,3,1,1,2,"1",3,2,1,1,3,4,1,4,4,2,3,5,5,1,6,2,5,5,4,3,2,1,2,3,1,1,1,1,1,5,"1",3,4,4,5,3,3,4,3,3,3,2,2,2,2,1,.a,.a,.a,.a,.a,.a,.a,.a,.a,.a,.a,6,.a,.a,.a,.a,.a,.a,.a,.a,.a,.a,.a,.a,.a,.a,.a,.a,.a,.a,.a,.a,.a,.a,.a,6,.a,.a,.a,.a,.a,.a,.a,.a,.a,.a,.a,.a,.a,.a,.a,.a,.a,.a,.a,.a,.a,.a,.a,.a,.a,.a,.a,.a,.a,6,.a,.a,.a,.a,.a,.a,.a,.a,.a,.a,.a,.a,3,0,0,0,1,1,1
0,"0","203","101",3,1,2,1,1,1,2,4,2,3,2,1,2,2,3,5,1,5,.a,5,1,7.0000,3,0,1,0,0,0,0,3,4,2,3,1,1,3,1,3,5,"1",3,2,1,1,4,3,4,4,3,1,3,3,3,3,6,1,6,4,4,4,1,1,1,3,,1,1,1,1,7,"1",3,1,1,5,5,5,5,5,1,3,1,1,1,1,1,.a,.a,.a,.a,.a,3,.a,.a,.a,.a,.a,.a,.a,.a,.a,.a,.a,.a,.a,.a,.a,.a,.a,.a,.a,.a,.a,.a,.a,.a,.a,.a,.a,.a,.a,5,.a,.a,.a,.a,.a,.a,.a,.a,.a,.a,.a,.a,.a,.a,.a,.a,.a,.a,.a,.a,.a,.a,.a,5,.a,.a,.a,.a,.a,.a,.a,.a,.a,.a,.a,.a,.a,.a,.a,.a,.a,.a,3,0,0,1,0,1,1
0,"1","204","102",2,1,1,2,1,1,3,3,2,2,2,2,2,2,2,2,5,3,1,3,0,8.0000,3,1,0,0,0,0,0,2,2,3,3,3,2,3,3,3,1,"0",3,.a,.a,.a,.a,.a,.a,.a,.a,.a,.a,.a,.a,.a,.a,.a,.a,.a,.a,.a,.a,.a,.a,.a,.a,.a,.a,.a,.a,.a,"0",3,4,5,3,4,5,3,1,1,4,3,3,2,2,1,.a,.a,.a,.a,.a,.a,.a,.a,.a,.a,.a,.a,.a,.a,.a,.a,.a,.a,.a,.a,5,.a,.a,.a,.a,.a,.a,.a,.a,.a,.a,.a,.a,.a,.a,.a,.a,.a,.a,.a,.a,.a,.a,.a,0,.a,.a,.a,.a,.a,.a,.a,.a,.a,.a,.a,.a,.a,.a,.a,.a,.a,.a,.a,.a,.a,.a,.a,5,.a,.a,.a,.a,.a,.a,.a,.a,.a,3,0,0,0,0,,0
0,"1","205","102",2,1,3,1,1,2,7,5,2,3,2,3,2,3,2,2,4,3,1,8,0,12.0000,4,1,0,0,0,0,0,2,2,3,3,3,3,3,3,3,3,"0",3,.a,.a,.a,.a,.a,.a,.a,.a,.a,.a,.a,.a,.a,.a,.a,.a,.a,.a,.a,.a,.a,.a,.a,.a,.a,.a,.a,.a,.a,"0",3,4,1,4,4,5,5,5,4,4,3,3,2,4,1,.a,.a,.a,.a,.a,.a,.a,.a,.a,.a,.a,.a,.a,.a,.a,.a,.a,.a,2,.a,.a,.a,.a,.a,.a,.a,.a,.a,.a,.a,.a,.a,.a,.a,.a,.a,.a,.a,.a,.a,.a,.a,2,.a,.a,.a,.a,.a,.a,.a,.a,.a,.a,.a,.a,.a,.a,.a,.a,.a,.a,.a,.a,.a,.a,.a,.a,.a,.a,.a,.a,.a,2,.a,.a,.a,.a,.a,3,0,0,1,1,,0
0,"0","206","103",.a,.a,.a,.a,.a,.a,.a,.a,.a,.a,.a,.a,.a,.a,.a,.a,.a,.a,.a,.a,,,,,,,,,,,,,,,,,,,,"",1,,,,,,,,,,,,,,,,,,,,,,,,,,,,,,"",1,,,,,,,,,,,,,,,,,,,,,,,,,,,,,,,,,,,,,,,,,,,,,,,,,,,,,,,,,,,,,,,,,,,,,,,,,,,,,,,,,,,,,,,,,,,,,1,0,,,,,
0,"0","207","103",.a,.a,.a,.a,.a,.a,.a,.a,.a,.a,.a,.a,.a,.a,.a,.a,.a,.a,.a,.a,,,,,,,,,,,,,,,,,,,,"",1,,,,,,,,,,,,,,,,,,,,,,,,,,,,,,"",1,,,,,,,,,,,,,,,,,,,,,,,,,,,,,,,,,,,,,,,,,,,,,,,,,,,,,,,,,,,,,,,,,,,,,,,,,,,,,,,,,,,,,,,,,,,,,1,0,,,,,
0,"0","208","104",4,2,3,1,3,3,8,4,3,3,2,3,3,3,3,5,4,3,.a,3,1,1.5000,4,0,1,0,0,0,1,2,4,3,3,2,3,2,3,3,5,"1",3,3,2,5,1,2,3,3,4,2,1,1,5,3,5,2,5,4,5,2,2,3,3,3,3,3,3,3,3,6,"1",3,3,4,1,5,4,3,1,4,3,1,1,1,3,1,.a,.a,.a,.a,.a,.a,.a,.a,.a,.a,.a,.a,.a,.a,.a,.a,.a,.a,.a,.a,.a,.a,3,.a,.a,.a,.a,.a,.a,.a,.a,.a,.a,.a,.a,.a,.a,.a,.a,.a,.a,.a,.a,.a,.a,.a,3,.a,.a,.a,.a,.a,.a,.a,.a,.a,.a,.a,.a,.a,.a,.a,.a,.a,.a,.a,.a,.a,.a,.a,.a,.a,.a,.a,.a,.a,5,.a,3,0,1,1,1,1,1
0,"0","209","104",4,2,,,2,3,4,4,3,3,3,2,2,4,2,5,3,4,.a,3,1,4.0000,4,1,0,0,0,0,0,3,4,2,2,2,1,2,3,3,5,"1",3,2,2,2,1,4,1,2,2,4,4,4,5,2,5,2,3,4,4,4,2,3,2,2,1,1,2,3,3,5,"1",3,3,1,4,4,5,4,4,4,4,1,2,1,2,1,.a,.a,.a,.a,.a,.a,.a,.a,.a,.a,.a,.a,.a,.a,.a,.a,.a,.a,.a,.a,.a,.a,.a,6,.a,.a,.a,.a,.a,.a,.a,.a,.a,.a,.a,.a,.a,.a,.a,.a,.a,.a,.a,.a,.a,.a,.a,.a,.a,.a,.a,.a,.a,5,.a,.a,.a,.a,.a,.a,.a,.a,.a,.a,.a,.a,.a,.a,.a,.a,.a,.a,.a,.a,.a,.a,.a,5,3,0,1,,1,1,1
0,"0","21","10",6,3,2,3,1,3,6,5,3,3,3,2,4,3,3,5,3,4,.a,3,1,4.0000,4,0,1,0,0,1,0,3,4,2,3,3,2,4,4,3,5,"1",3,3,3,3,2,3,1,2,1,4,4,4,4,2,6,2,1,5,2,5,1,1,2,3,2,2,2,4,3,6,"1",3,5,1,5,3,4,4,2,3,3,1,1,1,3,1,.a,.a,.a,.a,6,.a,.a,.a,.a,.a,.a,.a,.a,.a,.a,.a,.a,.a,.a,.a,.a,.a,.a,.a,.a,.a,.a,.a,3,.a,.a,.a,.a,.a,.a,.a,.a,.a,.a,.a,.a,.a,.a,.a,.a,.a,.a,.a,.a,.a,.a,.a,.a,.a,.a,.a,.a,.a,1,.a,.a,.a,.a,.a,.a,.a,.a,.a,.a,.a,.a,.a,.a,.a,.a,.a,.a,.a,3,0,1,1,1,1,1
0,"0","210","105",6,1,1,1,1,2,1,2,2,3,1,1,2,2,2,4,1,5,.a,3,1,2.0000,1,1,0,0,0,0,0,5,4,2,2,1,1,2,2,2,4,"1",3,2,1,2,1,4,1,2,1,3,4,2,5,3,6,3,6,3,4,4,2,2,3,3,3,3,3,3,3,2,"1",3,5,5,3,3,4,5,4,1,4,1,3,3,4,2,3,.a,.a,.a,.a,.a,.a,.a,.a,.a,.a,.a,.a,.a,.a,.a,.a,.a,.a,.a,.a,.a,.a,.a,5,.a,.a,.a,.a,.a,.a,.a,.a,.a,.a,.a,.a,.a,.a,.a,.a,.a,.a,.a,.a,.a,.a,.a,4,.a,.a,.a,.a,.a,.a,.a,.a,.a,.a,.a,.a,.a,.a,.a,.a,.a,.a,.a,.a,.a,.a,.a,.a,.a,.a,.a,.a,.a,3,0,0,0,1,1,1
0,"0","211","105",6,1,1,1,3,1,6,4,3,3,3,2,2,2,2,2,1,3,.a,3,1,36.0000,1,1,0,0,0,0,0,5,4,2,3,2,2,3,2,2,3,"1",3,4,4,5,.a,.a,.a,.a,.a,4,4,3,3,2,5,4,7,3,4,4,3,2,3,3,3,3,3,3,3,1,"1",3,3,1,3,5,5,4,4,2,1,1,1,1,1,1,.a,.a,.a,.a,.a,.a,.a,.a,.a,.a,.a,.a,.a,.a,.a,.a,2,.a,.a,.a,.a,.a,.a,.a,.a,.a,.a,.a,.a,.a,.a,.a,.a,.a,.a,.a,.a,.a,.a,.a,2,.a,.a,.a,.a,.a,.a,.a,.a,.a,.a,.a,.a,.a,.a,.a,.a,.a,.a,.a,.a,.a,.a,.a,.a,.a,.a,.a,.a,.a,2,.a,.a,.a,.a,.a,.a,.a,3,0,0,0,0,1,1
0,"0","212","106",6,2,1,2,1,3,7,4,2,3,2,2,3,1,1,1,3,4,.a,3,1,6.0000,4,1,0,0,0,0,1,1,4,2,2,1,2,2,3,2,2,"1",3,4,3,3,1,3,1,2,1,4,4,3,5,4,5,4,6,4,5,5,3,4,2,3,2,2,2,2,2,5,"1",3,4,1,1,4,4,5,2,1,3,2,2,1,3,1,.a,.a,.a,.a,.a,.a,5,.a,.a,.a,.a,.a,.a,.a,.a,.a,.a,.a,.a,.a,.a,.a,.a,.a,.a,.a,.a,.a,.a,.a,4,.a,.a,.a,.a,.a,.a,.a,.a,.a,.a,.a,.a,.a,.a,.a,.a,.a,.a,.a,.a,.a,.a,.a,5,.a,.a,.a,.a,.a,.a,.a,.a,.a,.a,.a,.a,.a,.a,.a,.a,.a,.a,.a,.a,.a,.a,.a,3,0,1,0,1,1,1
0,"0","213","106",6,1,1,1,1,3,3,3,3,3,3,3,3,3,3,1,2,5,.a,3,1,10.0000,3,1,0,0,0,0,0,2,5,3,3,3,2,3,2,3,3,"1",3,4,4,5,.a,.a,.a,.a,.a,5,5,2,5,3,3,3,6,3,5,4,1,4,3,3,4,3,3,3,3,3,"1",3,1,1,2,3,4,5,3,1,1,1,3,2,1,1,.a,.a,.a,.a,.a,.a,.a,.a,.a,.a,.a,.a,.a,6,.a,.a,.a,.a,.a,.a,.a,.a,.a,.a,.a,.a,.a,.a,.a,.a,.a,.a,.a,.a,.a,.a,.a,.a,.a,.a,.a,.a,.a,4,.a,.a,.a,.a,.a,.a,.a,.a,.a,.a,.a,.a,.a,.a,.a,.a,.a,.a,.a,.a,.a,.a,.a,3,.a,.a,.a,.a,.a,.a,.a,.a,.a,.a,3,0,0,0,1,1,1
0,"1","22","11",2,1,1,1,1,2,3,3,2,3,2,4,3,4,4,3,3,4,2,5,1,7.0000,3,0,1,0,0,0,0,2,4,2,3,2,3,3,2,2,3,"1",3,.a,.a,.a,.a,.a,.a,.a,.a,.a,.a,.a,.a,.a,.a,.a,.a,.a,.a,.a,.a,.a,.a,.a,.a,.a,.a,.a,.a,.a,"1",3,.a,.a,.a,.a,.a,.a,.a,.a,.a,.a,.a,.a,.a,.a,.a,.a,.a,.a,.a,.a,.a,.a,.a,.a,.a,.a,.a,.a,.a,.a,.a,.a,.a,.a,.a,.a,.a,.a,.a,.a,.a,.a,.a,.a,.a,.a,.a,.a,.a,.a,.a,.a,.a,.a,.a,.a,.a,.a,.a,.a,.a,.a,.a,.a,.a,.a,.a,.a,.a,.a,.a,.a,.a,.a,.a,.a,.a,.a,.a,.a,.a,.a,.a,.a,.a,.a,.a,.a,.a,.a,.a,.a,3,0,0,0,1,,
0,"1","23","11",2,2,1,1,1,1,1,4,4,3,3,4,4,4,4,5,4,5,1,4,1,6.0000,4,1,0,0,0,0,0,1,2,1,2,4,4,4,5,4,5,"1",3,.a,.a,.a,.a,.a,.a,.a,.a,.a,.a,.a,.a,.a,.a,.a,.a,.a,.a,.a,.a,.a,.a,.a,.a,.a,.a,.a,.a,.a,"1",3,.a,.a,.a,.a,.a,.a,.a,.a,.a,.a,.a,.a,.a,.a,.a,.a,.a,.a,.a,.a,.a,.a,.a,.a,.a,.a,.a,.a,.a,.a,.a,.a,.a,.a,.a,.a,.a,.a,.a,.a,.a,.a,.a,.a,.a,.a,.a,.a,.a,.a,.a,.a,.a,.a,.a,.a,.a,.a,.a,.a,.a,.a,.a,.a,.a,.a,.a,.a,.a,.a,.a,.a,.a,.a,.a,.a,.a,.a,.a,.a,.a,.a,.a,.a,.a,.a,.a,.a,.a,.a,.a,.a,3,0,1,0,0,,
0,"1","24","12",5,1,2,1,1,3,1,4,2,3,2,2,3,3,3,2,4,4,1,3,0,9.0000,2,1,0,0,0,0,0,5,4,2,4,2,2,2,3,2,2,"0",3,.a,.a,.a,.a,.a,.a,.a,.a,.a,.a,.a,.a,.a,3,3,4,2,2,4,1,3,3,3,3,3,3,3,3,3,"0",3,4,5,2,4,5,2,2,1,4,1,3,1,1,1,5,.a,.a,.a,.a,.a,.a,.a,.a,.a,.a,.a,.a,.a,.a,.a,.a,.a,.a,.a,.a,.a,.a,.a,5,.a,.a,.a,.a,.a,.a,.a,.a,.a,.a,.a,.a,.a,.a,.a,.a,.a,.a,.a,.a,.a,.a,.a,5,.a,.a,.a,.a,.a,.a,.a,.a,.a,.a,.a,.a,.a,.a,.a,.a,.a,.a,.a,.a,.a,.a,.a,.a,.a,.a,.a,.a,.a,3,0,0,1,1,,0
0,"1","25","12",5,1,1,1,1,2,8,4,2,3,2,2,2,2,3,1,4,2,1,3,0,15.0000,3,1,0,0,0,0,0,2,4,.a,.a,.a,.a,.a,.a,.a,.a,"0",3,.a,.a,.a,.a,.a,.a,.a,.a,.a,.a,.a,.a,.a,3,2,2,2,2,2,1,3,4,4,3,4,4,4,4,2,"0",3,5,4,4,4,5,3,4,1,4,3,3,1,4,1,.a,.a,.a,.a,6,.a,.a,.a,.a,.a,.a,.a,.a,.a,.a,.a,.a,.a,.a,.a,.a,.a,.a,.a,.a,.a,.a,.a,5,.a,.a,.a,.a,.a,.a,.a,.a,.a,.a,.a,.a,.a,.a,.a,.a,.a,.a,.a,.a,.a,.a,.a,5,.a,.a,.a,.a,.a,.a,.a,.a,.a,.a,.a,.a,.a,.a,.a,.a,.a,.a,.a,.a,.a,.a,.a,.a,.a,3,0,0,0,1,,0
0,"1","26","12",5,1,1,1,1,3,1,4,2,3,2,2,2,2,3,1,4,2,1,3,0,15.0000,2,1,0,0,0,0,0,2,2,2,2,2,2,2,3,3,3,"0",3,.a,.a,.a,.a,.a,.a,.a,.a,.a,.a,.a,.a,.a,3,4,4,2,2,3,1,3,3,3,3,3,4,3,4,2,"0",3,4,3,3,4,5,4,2,1,4,1,1,1,3,2,.a,.a,.a,.a,.a,.a,.a,.a,.a,.a,.a,6,.a,.a,.a,.a,.a,.a,.a,.a,.a,.a,.a,.a,.a,.a,.a,.a,.a,.a,.a,.a,.a,.a,.a,.a,.a,.a,.a,.a,.a,5,.a,.a,.a,.a,.a,.a,.a,.a,.a,.a,.a,.a,.a,.a,.a,.a,.a,.a,.a,.a,.a,.a,.a,4,.a,.a,.a,.a,.a,.a,.a,.a,.a,.a,.a,.a,3,0,0,0,1,,0
0,"0","27","13",3,1,1,2,3,3,1,4,3,3,3,3,3,3,3,4,4,3,.a,3,1,1.5000,1,0,1,0,0,0,0,4,4,3,3,4,3,3,4,3,4,"1",3,1,.a,.a,.a,.a,.a,.a,.a,4,4,2,4,3,5,2,6,2,3,4,1,1,3,3,3,3,3,3,3,4,"1",3,.a,.a,.a,.a,.a,.a,.a,.a,.a,.a,.a,.a,.a,.a,.a,.a,.a,.a,.a,.a,.a,.a,.a,.a,.a,.a,.a,.a,.a,.a,.a,.a,.a,.a,.a,.a,.a,.a,.a,.a,.a,.a,.a,.a,.a,.a,.a,.a,.a,.a,.a,.a,.a,.a,.a,.a,.a,.a,.a,.a,.a,.a,.a,.a,.a,.a,.a,.a,.a,.a,.a,.a,.a,.a,.a,.a,.a,.a,.a,.a,.a,.a,.a,.a,.a,.a,.a,.a,.a,.a,.a,.a,3,0,0,0,1,0,0
0,"0","28","13",3,3,3,3,3,3,12,5,3,3,3,3,3,3,3,2,2,5,.a,3,1,.a,.a,.a,.a,.a,.a,.a,.a,.a,.a,.a,.a,.a,.a,.a,.a,.a,.a,"1",3,,,,,,,,,,,,,,,,,,,,,,,,,,,,,,"",1,,,,,,,,,,,,,,,,,,,,,,,,,,,,,,,,,,,,,,,,,,,,,,,,,,,,,,,,,,,,,,,,,,,,,,,,,,,,,,,,,,,,,,,,,,,,,1,0,1,1,1,,
0,"0","29","13",3,3,3,1,1,3,3,5,2,3,3,2,3,3,3,2,2,4,.a,3,1,24.0000,3,1,0,0,0,0,0,2,4,3,3,3,3,3,3,3,2,"1",3,2,1,2,4,4,1,4,3,3,4,3,5,1,5,2,6,,,,1,1,3,3,3,3,3,3,3,5,"1",3,1,1,5,5,5,5,5,2,4,2,1,1,2,2,.a,.a,.a,.a,.a,.a,.a,.a,.a,.a,.a,.a,6,.a,.a,.a,.a,.a,.a,.a,.a,.a,.a,.a,.a,.a,.a,.a,.a,.a,.a,.a,.a,.a,.a,.a,.a,.a,.a,.a,.a,.a,2,.a,.a,.a,.a,.a,.a,.a,.a,.a,.a,.a,.a,.a,.a,.a,.a,.a,.a,.a,.a,.a,.a,.a,2,.a,.a,.a,.a,.a,.a,.a,.a,.a,.a,.a,3,0,1,1,1,1,1
0,"0","3","1",6,1,1,1,1,3,4,3,2,3,1,1,1,5,1,7,6,3,.a,3,1,5.0000,4,1,0,0,0,0,0,2,2,2,3,2,2,2,4,2,6,"1",3,2,1,1,2,4,1,1,3,,,,,,6,4,5,3,4,3,1,3,1,3,1,3,1,4,1,6,"1",3,3,1,4,4,5,4,3,1,4,3,1,1,4,1,.a,.a,.a,.a,.a,.a,.a,.a,5,.a,.a,.a,.a,.a,.a,.a,.a,.a,.a,.a,.a,.a,.a,.a,.a,.a,.a,.a,.a,.a,.a,.a,3,.a,.a,.a,.a,.a,.a,.a,.a,.a,.a,.a,.a,.a,.a,.a,.a,.a,.a,.a,.a,.a,.a,.a,.a,.a,.a,.a,.a,.a,6,.a,.a,.a,.a,.a,.a,.a,.a,.a,.a,.a,.a,.a,.a,.a,3,0,0,0,1,1,1
0,"1","30","14",3,1,3,3,1,2,12,4,2,3,2,2,2,2,2,2,2,5,2,5,,,,,,,,,,,,,,,,,,,,"",1,,,,,,,,,,,,,,,,,,,,,,,,,,,,,,"",1,,,,,,,,,,,,,,,,,,,,,,,,,,,,,,,,,,,,,,,,,,,,,,,,,,,,,,,,,,,,,,,,,,,,,,,,,,,,,,,,,,,,,,,,,,,,,1,0,0,1,1,,
0,"1","31","15",5,1,1,1,1,2,4,4,2,3,2,2,3,2,2,5,1,4,2,5,,,,,,,,,,,,,,,,,,,,"",1,,,,,,,,,,,,,,,,,,,,,,,,,,,,,,"",1,,,,,,,,,,,,,,,,,,,,,,,,,,,,,,,,,,,,,,,,,,,,,,,,,,,,,,,,,,,,,,,,,,,,,,,,,,,,,,,,,,,,,,,,,,,,,1,0,0,0,1,,
0,"0","32","16",3,1,2,1,1,3,4,4,3,3,3,3,3,3,3,2,2,4,.a,3,1,20.0000,3,1,0,0,0,0,0,2,2,3,3,4,4,3,4,3,2,"1",3,2,3,3,1,4,1,1,3,2,2,4,3,2,4,3,5,4,3,3,2,2,2,3,2,2,1,2,3,4,"1",3,2,4,5,4,4,4,1,1,4,1,2,2,4,1,.a,.a,.a,.a,.a,.a,.a,.a,.a,.a,.a,.a,.a,.a,5,.a,.a,.a,.a,.a,.a,.a,.a,.a,.a,.a,.a,.a,.a,.a,.a,.a,.a,.a,.a,.a,.a,.a,3,.a,.a,.a,.a,.a,.a,.a,.a,.a,.a,.a,.a,.a,.a,.a,.a,.a,.a,.a,.a,.a,.a,.a,5,.a,.a,.a,.a,.a,.a,.a,.a,.a,.a,.a,.a,.a,.a,.a,3,0,0,1,1,1,1
0,"0","33","16",3,3,3,2,2,3,12,5,4,3,4,2,2,4,3,2,4,4,.a,3,1,8.0000,3,1,0,0,0,0,0,2,4,4,4,3,2,3,2,3,4,"1",3,2,2,2,3,4,2,2,3,3,3,4,5,1,6,1,4,5,4,3,2,2,2,2,2,2,2,2,2,6,"1",3,5,1,4,5,5,3,3,1,4,1,1,1,3,1,.a,.a,.a,.a,.a,.a,.a,.a,.a,.a,.a,.a,.a,.a,.a,.a,.a,.a,.a,.a,.a,.a,.a,.a,.a,.a,.a,.a,5,.a,.a,.a,.a,.a,.a,.a,.a,.a,.a,.a,.a,.a,.a,.a,.a,.a,.a,.a,.a,.a,.a,.a,3,.a,.a,.a,.a,.a,.a,.a,.a,.a,.a,.a,.a,.a,.a,.a,.a,.a,.a,.a,.a,.a,.a,.a,6,.a,3,0,1,1,1,1,1
0,"0","34","17",3,1,1,1,3,2,12,3,2,3,2,2,3,2,3,2,1,5,.a,3,0,12.0000,3,1,0,0,0,0,0,2,4,2,4,2,2,4,4,4,2,"0",3,.a,.a,.a,.a,.a,.a,.a,.a,.a,.a,.a,.a,.a,5,2,3,4,4,5,2,3,2,2,2,2,2,2,2,4,"0",3,4,1,4,4,3,4,2,1,3,1,2,2,3,1,.a,.a,.a,.a,.a,.a,.a,.a,.a,.a,.a,6,.a,.a,.a,.a,.a,.a,.a,.a,.a,.a,.a,.a,.a,.a,.a,.a,.a,.a,.a,.a,.a,.a,.a,4,.a,.a,.a,.a,.a,.a,.a,.a,.a,.a,.a,.a,.a,.a,.a,.a,.a,.a,.a,.a,.a,.a,.a,5,.a,.a,.a,.a,.a,.a,.a,.a,.a,.a,.a,.a,.a,.a,.a,.a,.a,.a,3,0,0,0,1,,0
0,"0","35","18",4,1,1,1,3,2,1,3,2,3,2,2,2,2,3,3,4,2,.a,3,1,8.0000,4,0,1,0,0,0,0,2,4,2,3,2,2,2,3,2,4,"1",3,3,1,3,2,3,1,4,2,2,3,3,4,3,6,3,6,4,5,3,1,1,4,4,2,3,4,4,4,3,"1",3,3,4,5,5,4,3,4,4,3,1,1,1,2,1,.a,.a,.a,.a,.a,6,.a,.a,.a,.a,.a,.a,.a,.a,.a,.a,.a,.a,.a,.a,.a,.a,.a,.a,.a,.a,.a,.a,.a,6,.a,.a,.a,.a,.a,.a,.a,.a,.a,.a,.a,.a,.a,.a,.a,.a,.a,.a,.a,.a,.a,.a,.a,6,.a,.a,.a,.a,.a,.a,.a,.a,.a,.a,.a,.a,.a,.a,.a,.a,.a,.a,.a,.a,.a,.a,.a,.a,3,0,0,0,1,1,1
0,"0","36","18",4,1,1,1,1,1,1,4,2,3,4,2,2,2,3,1,1,4,.a,5,1,7.0000,3,1,0,0,0,0,0,2,5,3,3,3,3,3,3,3,2,"1",3,3,1,3,2,4,1,3,3,3,4,2,5,2,2,2,6,5,1,1,1,1,3,3,2,3,4,2,4,2,"1",3,5,1,5,3,4,4,4,1,2,1,1,1,2,1,.a,.a,.a,.a,.a,.a,.a,.a,.a,3,.a,.a,.a,.a,.a,.a,.a,.a,.a,.a,.a,.a,.a,.a,.a,.a,.a,.a,.a,.a,.a,.a,.a,3,.a,.a,.a,.a,.a,.a,.a,.a,.a,.a,.a,.a,.a,.a,.a,.a,.a,.a,.a,.a,.a,.a,.a,.a,.a,.a,.a,.a,.a,5,.a,.a,.a,.a,.a,.a,.a,.a,.a,.a,.a,.a,.a,.a,3,0,0,0,0,1,1
0,"0","37","18",4,1,1,2,1,1,2,2,4,3,4,4,3,4,3,2,1,5,.a,3,1,4.0000,4,0,0,1,0,0,0,2,4,4,4,3,2,4,2,3,3,"1",3,2,1,4,3,4,1,2,4,3,2,4,4,3,3,3,3,4,2,3,1,1,4,4,4,2,4,4,4,3,"1",3,2,2,2,1,2,2,2,4,1,2,3,3,2,1,.a,.a,.a,.a,.a,.a,.a,.a,.a,.a,.a,.a,.a,.a,.a,.a,.a,.a,.a,.a,5,.a,.a,.a,.a,.a,.a,.a,.a,.a,.a,.a,.a,.a,.a,.a,.a,.a,.a,.a,.a,.a,.a,.a,5,.a,.a,.a,.a,.a,.a,.a,.a,.a,.a,.a,.a,.a,.a,.a,.a,.a,.a,.a,.a,.a,.a,.a,3,.a,.a,.a,.a,.a,.a,.a,.a,.a,3,0,0,0,0,1,1
0,"1","38","19",3,1,1,1,1,2,1,4,2,4,2,2,2,3,3,1,3,4,1,3,1,10.0000,4,1,0,0,0,0,0,1,2,3,,,,,,,5,"1",3,2,1,2,2,3,1,2,3,2,2,2,4,2,5,3,5,2,4,1,2,,,,,,,,,.a,"1",3,.a,.a,.a,.a,.a,.a,.a,.a,.a,.a,.a,.a,.a,.a,.a,.a,.a,.a,.a,.a,.a,.a,.a,.a,.a,.a,.a,.a,.a,.a,.a,.a,.a,.a,.a,.a,.a,.a,.a,.a,.a,.a,.a,.a,.a,.a,.a,.a,.a,.a,.a,.a,.a,.a,.a,.a,.a,.a,.a,.a,.a,.a,.a,.a,.a,.a,.a,.a,.a,.a,.a,.a,.a,.a,.a,.a,.a,.a,.a,.a,.a,.a,.a,.a,.a,.a,.a,.a,.a,.a,.a,.a,3,0,0,0,1,1,1
0,"1","39","19",3,1,3,1,1,2,11,2,3,3,2,3,3,2,3,4,2,3,2,3,1,8.0000,3,1,0,0,0,0,0,1,4,3,3,2,,3,2,3,2,"1",3,2,1,1,1,4,1,1,3,,,,,,5,2,5,4,2,3,2,3,3,3,2,3,3,2,3,2,"1",3,3,5,2,4,5,3,2,1,4,1,2,3,3,1,.a,.a,.a,.a,.a,.a,.a,.a,.a,.a,.a,.a,.a,.a,.a,.a,.a,.a,.a,.a,.a,.a,5,.a,.a,.a,.a,.a,.a,.a,.a,.a,.a,.a,.a,.a,.a,.a,.a,.a,.a,.a,.a,.a,.a,.a,.a,.a,.a,.a,.a,.a,6,.a,.a,.a,.a,.a,.a,.a,.a,.a,.a,.a,.a,.a,.a,.a,.a,.a,.a,.a,.a,.a,.a,.a,2,.a,3,0,0,1,1,1,1
0,"1","4","2",4,1,1,2,3,3,2,5,2,3,2,2,3,3,3,3,4,3,2,3,0,3.0000,4,0,1,0,0,0,0,2,4,2,3,2,2,3,3,3,3,"0",3,.a,.a,.a,.a,.a,.a,.a,.a,.a,.a,.a,.a,.a,6,3,2,5,4,2,3,2,2,3,2,2,3,2,3,3,"0",3,2,4,4,5,5,2,1,4,4,1,1,1,3,1,.a,.a,.a,.a,.a,.a,.a,.a,.a,.a,.a,.a,.a,.a,.a,.a,.a,.a,.a,.a,1,.a,.a,.a,.a,.a,.a,.a,.a,.a,.a,.a,.a,.a,.a,.a,.a,.a,.a,.a,.a,.a,.a,.a,.a,.a,.a,.a,.a,.a,2,.a,.a,.a,.a,.a,.a,.a,.a,.a,.a,.a,.a,.a,.a,.a,.a,.a,.a,.a,.a,.a,.a,.a,1,.a,.a,.a,3,0,0,0,1,,0
0,"1","40","19",3,1,1,2,2,3,10,4,2,2,2,2,2,3,3,4,1,4,2,3,1,8.0000,3,0,1,0,0,0,0,1,2,2,2,1,2,3,3,2,5,"1",3,2,1,4,2,4,2,3,2,4,4,2,5,4,5,2,5,3,4,2,2,3,2,1,1,2,2,3,2,5,"1",3,5,1,3,4,5,3,1,4,4,1,2,1,3,2,.a,.a,.a,.a,.a,.a,.a,.a,.a,.a,.a,.a,.a,.a,.a,.a,.a,6,.a,.a,.a,.a,.a,.a,.a,.a,.a,.a,.a,.a,.a,.a,.a,.a,.a,.a,.a,.a,.a,.a,.a,.a,.a,.a,.a,.a,.a,6,.a,.a,.a,.a,.a,.a,.a,.a,.a,.a,.a,.a,.a,.a,.a,.a,.a,.a,.a,.a,.a,.a,.a,5,.a,.a,.a,.a,.a,.a,3,0,0,0,1,1,1
0,"1","41","20",3,1,3,1,2,3,4,5,3,3,2,2,2,3,2,1,2,2,1,3,0,16.0000,4,1,0,0,0,0,0,3,4,2,4,3,3,4,2,2,3,"0",3,.a,.a,.a,.a,.a,.a,.a,.a,.a,.a,.a,.a,.a,6,2,1,5,4,5,2,2,4,.a,.a,.a,.a,.a,.a,.a,"0",3,2,2,2,5,5,1,1,1,4,1,1,1,3,1,.a,.a,5,.a,.a,.a,.a,.a,.a,.a,.a,.a,.a,.a,.a,.a,.a,.a,.a,.a,.a,.a,.a,.a,.a,.a,3,.a,.a,.a,.a,.a,.a,.a,.a,.a,.a,.a,.a,.a,.a,.a,.a,.a,.a,.a,.a,.a,.a,.a,.a,.a,.a,.a,.a,.a,6,.a,.a,.a,.a,.a,.a,.a,.a,.a,.a,.a,.a,.a,.a,.a,.a,.a,.a,.a,.a,.a,3,0,0,1,1,,0
0,"1","42","20",6,1,1,3,1,1,3,3,3,3,3,3,3,3,3,3,2,4,1,3,0,10.0000,3,1,0,0,0,0,0,3,4,3,3,3,3,3,4,3,2,"0",3,.a,.a,.a,.a,.a,.a,.a,.a,.a,.a,.a,.a,.a,5,3,4,5,4,4,2,3,3,3,3,3,3,3,3,2,"0",3,4,1,4,4,4,2,2,1,4,1,2,1,3,2,.a,.a,.a,.a,.a,.a,.a,2,.a,.a,.a,.a,.a,.a,.a,.a,.a,.a,.a,.a,.a,.a,.a,.a,.a,.a,.a,.a,.a,.a,.a,.a,.a,.a,.a,.a,.a,3,.a,.a,.a,.a,.a,.a,.a,.a,.a,.a,.a,.a,.a,.a,.a,.a,.a,.a,.a,.a,.a,.a,.a,2,.a,.a,.a,.a,.a,.a,.a,.a,.a,.a,.a,.a,.a,.a,.a,.a,3,0,0,0,0,,0
0,"1","43","21",3,3,1,1,2,1,6,3,3,2,3,3,2,4,2,4,2,5,2,3,0,10.0000,3,0,1,0,0,0,0,1,4,3,4,3,3,4,4,3,5,"0",3,.a,.a,.a,.a,.a,.a,.a,.a,.a,.a,.a,.a,.a,5,4,6,3,4,4,2,3,2,3,2,3,3,2,3,3,"0",3,5,1,4,4,5,5,3,1,3,2,2,1,3,2,.a,.a,.a,.a,.a,.a,.a,.a,.a,.a,.a,.a,.a,.a,.a,.a,.a,.a,.a,.a,.a,4,.a,.a,.a,.a,.a,.a,.a,.a,.a,.a,.a,.a,.a,.a,.a,.a,.a,.a,.a,.a,.a,.a,.a,3,.a,.a,.a,.a,.a,.a,.a,.a,.a,.a,.a,.a,.a,.a,.a,.a,.a,.a,.a,.a,.a,.a,.a,.a,.a,.a,.a,.a,.a,5,.a,.a,3,0,1,0,0,,0
0,"0","44","22",3,2,1,2,1,3,6,5,3,3,2,3,2,2,3,1,1,4,.a,3,0,7.0000,4,1,0,0,0,0,0,2,4,3,3,2,3,2,3,3,1,"0",3,.a,.a,.a,.a,.a,.a,.a,.a,.a,.a,.a,.a,.a,.a,.a,.a,.a,.a,.a,.a,.a,.a,.a,.a,.a,.a,.a,.a,.a,"0",3,3,2,1,4,5,2,1,3,3,4,1,1,4,1,.a,.a,.a,.a,.a,.a,.a,.a,.a,.a,.a,.a,.a,.a,.a,4,.a,.a,.a,.a,.a,.a,.a,.a,.a,.a,.a,.a,.a,.a,.a,.a,.a,.a,.a,.a,.a,.a,.a,5,.a,.a,.a,.a,.a,.a,.a,.a,.a,.a,.a,.a,.a,.a,.a,.a,.a,.a,.a,.a,.a,.a,.a,.a,.a,.a,.a,.a,.a,5,.a,.a,.a,.a,.a,.a,.a,.a,3,0,1,0,1,,0
0,"0","45","22",3,1,1,1,1,1,2,5,3,3,3,3,3,3,3,4,1,5,.a,3,0,10.0000,4,1,0,0,0,0,0,2,4,3,3,3,3,3,3,3,4,"0",3,.a,.a,.a,.a,.a,.a,.a,.a,.a,.a,.a,.a,.a,5,1,1,5,5,4,1,1,3,3,3,3,3,3,3,4,"0",3,1,4,5,5,5,4,3,1,3,1,1,1,2,2,.a,.a,.a,.a,.a,.a,.a,.a,.a,.a,.a,.a,.a,.a,.a,.a,.a,.a,.a,.a,.a,4,.a,.a,.a,.a,.a,.a,.a,.a,.a,.a,.a,.a,.a,.a,.a,.a,.a,.a,.a,.a,.a,.a,.a,4,.a,.a,.a,.a,.a,.a,.a,.a,.a,.a,.a,.a,.a,.a,.a,.a,.a,.a,.a,.a,.a,.a,.a,4,.a,.a,.a,.a,.a,.a,.a,.a,3,0,0,0,0,,0
0,"0","46","22",3,1,1,1,1,1,4,4,2,3,2,2,2,2,3,4,2,4,.a,3,0,6.0000,4,1,0,0,0,0,0,1,4,2,3,2,2,2,4,3,3,"0",3,.a,.a,.a,.a,.a,.a,.a,.a,.a,.a,.a,.a,.a,5,2,2,4,2,3,1,1,2,3,2,3,2,2,3,2,"0",3,1,1,2,5,5,4,3,1,4,1,1,1,2,2,.a,.a,.a,.a,.a,.a,.a,.a,.a,.a,.a,.a,.a,.a,.a,.a,.a,.a,.a,.a,6,.a,.a,.a,.a,.a,.a,.a,.a,.a,.a,.a,.a,.a,.a,.a,.a,.a,.a,.a,.a,.a,.a,.a,5,.a,.a,.a,.a,.a,.a,.a,.a,.a,.a,.a,.a,.a,.a,.a,.a,.a,.a,.a,.a,.a,.a,.a,.a,.a,.a,.a,.a,.a,3,.a,.a,.a,3,0,0,0,0,,0
0,"1","47","23",3,2,1,1,1,1,1,4,2,3,4,4,2,4,2,4,3,4,3,3,1,12.0000,3,0,1,0,0,0,0,3,2,3,3,4,4,4,4,4,5,"1",3,3,1,3,1,3,1,1,1,4,4,4,4,5,4,3,5,4,3,3,1,1,3,3,4,3,4,3,3,5,"1",3,2,4,4,4,5,5,4,3,3,3,2,2,4,1,.a,.a,.a,.a,.a,.a,.a,.a,.a,.a,.a,.a,.a,5,.a,.a,.a,.a,.a,.a,.a,.a,.a,.a,.a,.a,.a,.a,.a,.a,.a,.a,.a,.a,.a,.a,.a,5,.a,.a,.a,.a,.a,.a,.a,.a,.a,.a,.a,.a,.a,.a,.a,.a,.a,.a,.a,.a,.a,.a,.a,6,.a,.a,.a,.a,.a,.a,.a,.a,.a,.a,.a,.a,.a,.a,.a,.a,3,0,1,0,0,1,1
0,"1","48","23",3,2,,,,,1,2,3,3,3,3,3,4,2,1,4,2,1,3,1,10.0000,3,1,0,0,0,0,0,5,4,3,,,,,,,,"1",3,.a,.a,.a,.a,.a,.a,.a,.a,.a,.a,.a,.a,.a,.a,.a,.a,.a,.a,.a,.a,.a,.a,.a,.a,.a,.a,.a,.a,.a,"1",3,2,5,3,5,4,4,3,4,4,4,1,1,4,1,.a,.a,.a,.a,.a,.a,.a,.a,.a,.a,.a,.a,.a,.a,.a,.a,.a,.a,.a,.a,.a,3,.a,.a,.a,.a,.a,.a,.a,.a,.a,.a,.a,.a,.a,.a,.a,.a,.a,.a,.a,.a,.a,.a,.a,.a,.a,.a,.a,.a,.a,5,.a,.a,.a,.a,.a,.a,.a,.a,.a,.a,.a,.a,.a,.a,.a,.a,.a,.a,.a,.a,.a,.a,.a,5,.a,.a,3,0,1,,,,
0,"1","49","24",3,3,3,2,3,3,1,3,3,3,3,3,3,3,3,1,4,3,4,3,,,,,,,,,,,,,,,,,,,,"",1,,,,,,,,,,,,,,,,,,,,,,,,,,,,,,"",1,,,,,,,,,,,,,,,,,,,,,,,,,,,,,,,,,,,,,,,,,,,,,,,,,,,,,,,,,,,,,,,,,,,,,,,,,,,,,,,,,,,,,,,,,,,,,1,0,1,1,1,,
0,"1","5","2",4,2,1,2,3,3,6,3,3,3,3,3,3,3,3,1,3,4,1,3,0,3.0000,5,1,0,0,0,0,0,3,5,3,3,3,3,3,3,3,1,"0",3,.a,.a,.a,.a,.a,.a,.a,.a,.a,.a,.a,.a,.a,5,2,5,5,3,2,3,3,3,3,3,3,3,3,3,4,"0",3,4,1,5,5,5,5,1,5,1,1,1,1,1,1,.a,.a,.a,.a,.a,.a,1,.a,.a,.a,.a,.a,.a,.a,.a,.a,.a,.a,.a,.a,.a,.a,.a,.a,.a,.a,.a,.a,.a,.a,1,.a,.a,.a,.a,.a,.a,.a,.a,.a,.a,.a,.a,.a,.a,.a,.a,.a,.a,.a,.a,.a,.a,.a,1,.a,.a,.a,.a,.a,.a,.a,.a,.a,.a,.a,.a,.a,.a,.a,.a,.a,.a,.a,.a,.a,.a,.a,3,0,1,0,1,,0
0,"0","50","25",.a,.a,.a,.a,.a,.a,.a,.a,.a,.a,.a,.a,.a,.a,.a,.a,.a,.a,.a,.a,,,,,,,,,,,,,,,,,,,,"",1,,,,,,,,,,,,,,,,,,,,,,,,,,,,,,"",1,,,,,,,,,,,,,,,,,,,,,,,,,,,,,,,,,,,,,,,,,,,,,,,,,,,,,,,,,,,,,,,,,,,,,,,,,,,,,,,,,,,,,,,,,,,,,1,0,,,,,
0,"0","51","26",3,3,1,1,3,2,8,4,3,3,2,2,2,3,3,4,3,4,.a,3,1,7.0000,3,0,1,0,1,0,1,2,2,3,3,2,2,2,3,2,5,"1",3,3,1,2,3,4,1,3,2,3,4,3,5,2,6,2,3,4,4,3,2,3,3,3,2,3,3,3,3,5,"1",3,5,5,5,4,5,4,4,1,3,1,1,1,2,1,.a,.a,.a,.a,.a,.a,.a,.a,.a,.a,.a,.a,.a,.a,.a,6,.a,.a,.a,.a,.a,.a,.a,.a,.a,.a,.a,.a,.a,.a,.a,.a,.a,.a,.a,.a,.a,.a,.a,.a,.a,.a,.a,.a,.a,5,.a,.a,.a,.a,.a,.a,.a,.a,.a,.a,.a,.a,.a,.a,.a,.a,.a,.a,.a,.a,.a,.a,.a,5,.a,.a,.a,.a,.a,.a,.a,.a,3,0,1,0,1,1,1
0,"0","52","26",3,1,2,3,3,2,7,4,4,3,2,2,4,4,3,3,4,4,.a,3,1,7.0000,4,0,1,0,0,1,1,1,4,2,2,2,2,3,2,3,4,"1",3,2,1,1,1,4,2,2,2,3,4,4,5,1,5,2,5,5,5,3,2,3,2,4,2,4,2,4,2,5,"1",3,5,1,5,5,4,4,4,2,4,1,1,1,2,2,.a,.a,.a,.a,.a,.a,.a,.a,.a,.a,.a,.a,.a,.a,.a,.a,5,.a,.a,.a,.a,.a,.a,.a,.a,.a,.a,.a,.a,.a,.a,.a,.a,.a,.a,.a,.a,.a,.a,.a,.a,.a,.a,.a,.a,.a,6,.a,.a,.a,.a,.a,.a,.a,.a,.a,.a,.a,.a,.a,.a,.a,.a,.a,.a,.a,.a,.a,.a,.a,5,.a,.a,.a,.a,.a,.a,.a,3,0,0,1,1,1,1
0,"1","53","27",4,2,3,3,3,3,12,4,2,3,1,1,2,1,3,6,1,5,1,4,0,10.0000,3,0,1,0,0,0,0,4,4,2,3,2,2,2,2,3,5,"0",3,.a,.a,.a,.a,.a,.a,.a,.a,.a,.a,.a,.a,.a,.a,.a,.a,.a,.a,.a,.a,.a,.a,.a,.a,.a,.a,.a,.a,.a,"0",3,.a,.a,.a,.a,.a,.a,.a,.a,.a,.a,.a,.a,.a,.a,.a,.a,.a,.a,.a,.a,.a,.a,.a,.a,.a,.a,.a,.a,.a,.a,.a,.a,.a,.a,.a,.a,.a,.a,.a,.a,.a,.a,.a,.a,.a,.a,.a,.a,.a,.a,.a,.a,.a,.a,.a,.a,.a,.a,.a,.a,.a,.a,.a,.a,.a,.a,.a,.a,.a,.a,.a,.a,.a,.a,.a,.a,.a,.a,.a,.a,.a,.a,.a,.a,.a,.a,.a,.a,.a,.a,.a,.a,3,0,1,1,1,,0
0,"0","54","28",3,1,1,2,1,3,1,4,2,3,2,2,2,3,2,5,6,4,.a,3,0,5.0000,3,0,1,0,0,0,0,2,5,2,4,1,2,2,3,2,5,"0",3,.a,.a,.a,.a,.a,.a,.a,.a,.a,.a,.a,.a,.a,5,2,5,4,3,3,1,4,2,3,2,1,2,3,2,5,"0",3,5,5,4,4,5,4,3,1,4,1,2,1,3,1,.a,.a,.a,.a,.a,2,.a,.a,.a,.a,.a,.a,.a,.a,.a,.a,.a,.a,.a,.a,.a,.a,.a,.a,.a,.a,.a,.a,.a,.a,.a,.a,.a,.a,.a,3,.a,.a,.a,.a,.a,.a,.a,.a,.a,.a,.a,.a,.a,.a,.a,.a,.a,.a,.a,.a,.a,.a,.a,4,.a,.a,.a,.a,.a,.a,.a,.a,.a,.a,.a,.a,.a,.a,.a,.a,.a,.a,3,0,0,0,1,,0
0,"0","55","28",2,3,3,3,3,3,3,4,2,4,1,1,2,2,1,5,4,4,.a,3,0,4.0000,3,0,0,1,0,0,0,2,4,2,3,3,1,2,3,3,5,"0",3,.a,.a,.a,.a,.a,.a,.a,.a,.a,.a,.a,.a,.a,6,3,7,4,2,4,1,4,3,3,3,2,2,2,4,5,"0",3,5,5,5,2,4,3,2,1,4,1,3,2,2,1,.a,.a,.a,.a,.a,.a,.a,.a,.a,.a,.a,.a,.a,.a,.a,.a,.a,.a,.a,.a,5,.a,.a,.a,.a,.a,.a,.a,.a,.a,.a,.a,.a,.a,.a,.a,.a,.a,.a,.a,.a,.a,.a,.a,.a,.a,.a,.a,.a,.a,4,.a,.a,.a,.a,.a,.a,.a,.a,.a,.a,.a,.a,.a,.a,.a,.a,.a,.a,.a,.a,.a,.a,.a,6,.a,.a,.a,3,0,1,1,1,,0
0,"0","56","28",3,2,2,3,1,3,3,4,2,3,2,3,3,3,3,3,3,4,.a,3,0,7.0000,4,0,1,0,0,0,0,2,4,3,3,2,3,3,3,3,2,"0",3,.a,.a,.a,.a,.a,.a,.a,.a,.a,.a,.a,.a,.a,4,3,5,4,2,3,1,1,3,3,2,2,3,3,3,2,"0",3,5,1,4,4,4,3,2,1,4,1,1,1,3,2,.a,.a,.a,.a,.a,.a,.a,.a,.a,.a,.a,.a,.a,2,.a,.a,.a,.a,.a,.a,.a,.a,.a,.a,.a,.a,.a,.a,.a,.a,.a,.a,.a,.a,.a,.a,.a,.a,.a,.a,.a,.a,.a,2,.a,.a,.a,.a,.a,.a,.a,.a,.a,.a,.a,.a,.a,.a,.a,.a,.a,.a,.a,.a,.a,.a,.a,2,.a,.a,.a,.a,.a,.a,.a,.a,.a,.a,3,0,1,1,1,,0
0,"0","57","29",2,3,1,2,1,3,5,3,2,3,2,2,3,4,2,2,3,3,.a,3,0,4.0000,3,1,0,0,0,0,0,2,2,2,3,2,2,2,2,3,2,"0",3,.a,.a,.a,.a,.a,.a,.a,.a,.a,.a,.a,.a,.a,5,2,5,4,3,4,1,1,3,3,3,2,2,2,2,3,"0",3,2,4,4,4,4,4,3,3,2,2,2,1,2,1,.a,.a,.a,6,.a,.a,.a,.a,.a,.a,.a,.a,.a,.a,.a,.a,.a,.a,.a,.a,.a,.a,.a,.a,.a,.a,.a,5,.a,.a,.a,.a,.a,.a,.a,.a,.a,.a,.a,.a,.a,.a,.a,.a,.a,.a,.a,.a,.a,.a,.a,.a,.a,.a,.a,.a,.a,5,.a,.a,.a,.a,.a,.a,.a,.a,.a,.a,.a,.a,.a,.a,.a,.a,.a,.a,.a,.a,3,0,1,0,1,,0
0,"0","58","29",4,3,1,3,1,3,1,4,2,3,1,2,2,3,3,5,2,5,.a,3,0,3.0000,4,0,1,0,0,0,0,2,4,2,3,1,2,2,2,4,5,"0",3,.a,.a,.a,.a,.a,.a,.a,.a,.a,.a,.a,.a,.a,4,1,1,4,4,3,1,1,2,4,2,2,3,3,3,4,"0",3,4,1,4,4,4,2,2,1,2,1,1,1,1,1,.a,.a,.a,.a,.a,.a,.a,.a,.a,.a,.a,.a,.a,.a,.a,.a,.a,.a,5,.a,.a,.a,.a,.a,.a,.a,.a,.a,.a,.a,.a,.a,.a,.a,.a,.a,.a,.a,.a,.a,.a,.a,.a,.a,.a,.a,.a,.a,2,.a,.a,.a,.a,.a,.a,.a,.a,.a,.a,.a,.a,.a,.a,.a,.a,.a,.a,.a,.a,.a,.a,.a,4,.a,.a,.a,.a,.a,3,0,1,0,1,,0
0,"0","59","30",3,3,3,1,1,3,12,4,2,3,3,2,3,2,3,2,3,4,.a,3,0,5.0000,3,1,0,0,0,0,0,1,2,3,3,3,3,3,3,3,3,"0",3,.a,.a,.a,.a,.a,.a,.a,.a,.a,.a,.a,.a,.a,4,2,5,4,4,3,1,1,3,3,3,3,,3,,5,"0",3,3,2,3,5,4,4,1,3,4,3,2,2,2,1,.a,.a,.a,.a,.a,.a,.a,.a,3,.a,.a,.a,.a,.a,.a,.a,.a,.a,.a,.a,.a,.a,.a,.a,.a,.a,.a,.a,.a,.a,.a,.a,4,.a,.a,.a,.a,.a,.a,.a,.a,.a,.a,.a,.a,.a,.a,.a,.a,.a,.a,.a,.a,.a,.a,.a,3,.a,.a,.a,.a,.a,.a,.a,.a,.a,.a,.a,.a,.a,.a,.a,.a,.a,.a,.a,.a,.a,3,0,1,1,1,,0
0,"1","6","2",4,3,2,1,3,3,9,5,3,3,3,3,3,3,3,6,3,2,3,3,0,4.0000,4,0,0,1,0,0,1,3,4,3,3,3,3,3,3,3,6,"0",3,.a,.a,.a,.a,.a,.a,.a,.a,.a,.a,.a,.a,.a,5,3,2,5,3,3,3,2,3,3,3,3,3,3,3,6,"0",3,4,5,3,3,5,4,3,3,2,1,1,1,3,1,.a,.a,.a,.a,.a,.a,.a,3,.a,.a,.a,.a,.a,.a,.a,.a,.a,.a,.a,.a,.a,.a,.a,.a,.a,.a,.a,.a,.a,.a,.a,6,.a,.a,.a,.a,.a,.a,.a,.a,.a,.a,.a,.a,.a,.a,.a,.a,.a,.a,.a,.a,.a,.a,.a,.a,.a,.a,.a,.a,.a,5,.a,.a,.a,.a,.a,.a,.a,.a,.a,.a,.a,.a,.a,.a,.a,.a,3,0,1,1,1,,0
0,"0","60","30",3,3,1,3,1,3,4,4,3,3,2,2,3,3,3,5,4,3,.a,3,0,5.0000,4,0,1,0,0,0,0,2,2,3,3,3,3,3,3,3,5,"0",3,.a,.a,.a,.a,.a,.a,.a,.a,.a,.a,.a,.a,.a,5,3,5,4,3,3,1,1,3,3,2,2,3,4,3,5,"0",3,5,1,4,3,4,4,3,3,3,3,3,3,3,2,.a,.a,.a,5,.a,.a,.a,.a,.a,.a,.a,.a,.a,.a,.a,.a,.a,.a,.a,.a,.a,.a,.a,.a,.a,.a,.a,3,.a,.a,.a,.a,.a,.a,.a,.a,.a,.a,.a,.a,.a,.a,.a,.a,.a,.a,.a,.a,.a,.a,.a,6,.a,.a,.a,.a,.a,.a,.a,.a,.a,.a,.a,.a,.a,.a,.a,.a,.a,.a,.a,.a,.a,.a,.a,.a,.a,.a,3,0,1,0,1,,0
0,"1","61","31",3,3,3,3,3,3,12,5,3,3,3,3,3,3,3,3,2,3,2,3,1,20.0000,3,0,0,1,1,0,1,2,5,2,3,2,3,2,2,3,4,"1",3,4,3,5,1,4,1,1,1,3,3,2,5,3,6,2,2,5,4,5,1,3,3,3,4,4,4,4,4,5,"1",3,4,1,4,5,5,4,3,1,4,1,1,1,2,1,.a,.a,.a,.a,.a,.a,.a,.a,.a,.a,.a,.a,.a,.a,.a,.a,.a,.a,.a,.a,.a,.a,.a,2,.a,.a,.a,.a,.a,.a,.a,.a,.a,.a,.a,.a,.a,.a,.a,.a,.a,.a,.a,.a,.a,.a,.a,.a,.a,.a,.a,.a,.a,2,.a,.a,.a,.a,.a,.a,.a,.a,.a,.a,.a,.a,.a,.a,.a,.a,.a,.a,.a,.a,.a,.a,.a,2,3,0,1,1,1,1,1
0,"0","62","32",3,1,1,1,1,2,1,5,2,3,2,2,2,2,2,3,1,5,.a,3,1,8.0000,4,0,1,0,0,0,0,2,4,2,3,2,3,3,2,3,5,"1",3,4,2,5,1,3,2,1,3,4,3,2,4,3,6,2,5,5,5,4,3,3,3,3,2,2,4,2,4,5,"1",3,5,4,5,5,5,4,4,1,3,1,1,1,2,2,.a,.a,.a,.a,.a,.a,.a,.a,.a,5,.a,.a,.a,.a,.a,.a,.a,.a,.a,.a,.a,.a,.a,.a,.a,.a,.a,.a,.a,.a,.a,.a,.a,5,.a,.a,.a,.a,.a,.a,.a,.a,.a,.a,.a,.a,.a,.a,.a,.a,.a,.a,.a,.a,.a,.a,.a,6,.a,.a,.a,.a,.a,.a,.a,.a,.a,.a,.a,.a,.a,.a,.a,.a,.a,.a,.a,.a,3,0,0,0,1,1,1
0,"0","63","32",4,2,1,1,1,2,1,3,3,3,2,3,3,4,2,2,4,4,.a,3,1,5.0000,4,0,1,0,0,0,0,2,4,3,3,2,3,2,4,3,2,"1",3,4,3,4,1,2,1,3,3,2,3,2,4,4,2,2,6,4,2,3,3,3,3,3,3,3,3,3,3,5,"1",3,2,4,4,4,4,4,2,1,2,1,1,1,1,1,.a,.a,.a,.a,.a,4,.a,.a,.a,.a,.a,.a,.a,.a,.a,.a,.a,.a,.a,.a,.a,.a,.a,.a,.a,.a,.a,.a,.a,4,.a,.a,.a,.a,.a,.a,.a,.a,.a,.a,.a,.a,.a,.a,.a,.a,.a,.a,.a,.a,.a,.a,.a,3,.a,.a,.a,.a,.a,.a,.a,.a,.a,.a,.a,.a,.a,.a,.a,.a,.a,.a,.a,.a,.a,.a,.a,.a,3,0,1,0,1,1,1
0,"0","64","32",3,3,3,1,2,3,6,4,3,3,3,3,3,3,3,5,2,4,.a,3,1,4.0000,3,1,0,0,0,0,0,2,4,2,3,2,3,4,4,3,3,"1",3,2,1,3,2,3,1,3,3,4,3,2,4,4,5,3,5,4,2,3,3,4,3,3,2,3,3,2,3,5,"1",3,4,1,4,4,5,4,2,1,2,1,2,1,3,1,.a,.a,.a,.a,5,.a,.a,.a,.a,.a,.a,.a,.a,.a,.a,.a,.a,.a,.a,.a,.a,.a,.a,.a,.a,.a,.a,.a,6,.a,.a,.a,.a,.a,.a,.a,.a,.a,.a,.a,.a,.a,.a,.a,.a,.a,.a,.a,.a,.a,.a,.a,.a,.a,.a,.a,.a,.a,5,.a,.a,.a,.a,.a,.a,.a,.a,.a,.a,.a,.a,.a,.a,.a,.a,.a,.a,.a,3,0,1,1,1,1,1
0,"0","65","33",.a,.a,.a,.a,.a,.a,.a,.a,.a,.a,.a,.a,.a,.a,.a,.a,.a,.a,.a,.a,0,.a,.a,.a,.a,.a,.a,.a,.a,.a,.a,.a,.a,.a,.a,.a,.a,.a,.a,"0",3,.a,.a,.a,.a,.a,.a,.a,.a,.a,.a,.a,.a,.a,.a,.a,.a,.a,.a,.a,.a,.a,.a,.a,.a,.a,.a,.a,.a,.a,"0",3,.a,.a,.a,.a,.a,.a,.a,.a,.a,.a,.a,.a,.a,.a,.a,.a,.a,.a,.a,.a,.a,.a,.a,.a,.a,.a,.a,.a,.a,.a,.a,.a,.a,.a,.a,.a,.a,.a,.a,.a,.a,.a,.a,.a,.a,.a,.a,.a,.a,.a,.a,.a,.a,.a,.a,.a,.a,.a,.a,.a,.a,.a,.a,.a,.a,.a,.a,.a,.a,.a,.a,.a,.a,.a,.a,.a,.a,.a,.a,.a,.a,.a,.a,.a,.a,.a,.a,.a,.a,.a,.a,.a,3,0,,,,,0
0,"0","66","33",.a,.a,.a,.a,.a,.a,.a,.a,.a,.a,.a,.a,.a,.a,.a,.a,.a,.a,.a,.a,0,.a,.a,.a,.a,.a,.a,.a,.a,.a,.a,.a,.a,.a,.a,.a,.a,.a,.a,"0",3,.a,.a,.a,.a,.a,.a,.a,.a,.a,.a,.a,.a,.a,.a,.a,.a,.a,.a,.a,.a,.a,.a,.a,.a,.a,.a,.a,.a,.a,"0",3,1,2,2,4,5,2,2,1,1,1,1,1,1,1,.a,.a,.a,.a,.a,.a,.a,.a,6,.a,.a,.a,.a,.a,.a,.a,.a,.a,.a,.a,.a,.a,.a,.a,.a,.a,.a,.a,.a,.a,.a,.a,.a,.a,.a,.a,.a,.a,7,.a,.a,.a,.a,.a,.a,.a,.a,.a,.a,.a,.a,.a,.a,.a,.a,.a,.a,.a,.a,.a,.a,.a,3,.a,.a,.a,.a,.a,.a,.a,.a,.a,.a,.a,.a,.a,.a,.a,3,0,,,,,0
0,"0","67","33",5,3,1,1,1,3,1,4,3,3,3,3,3,3,3,4,1,5,.a,3,0,9.5000,2,0,1,0,0,0,0,2,5,3,3,3,3,3,3,3,4,"0",3,.a,.a,.a,.a,.a,.a,.a,.a,.a,.a,.a,.a,.a,4,2,3,3,3,4,1,3,3,3,3,3,3,3,3,6,"0",3,5,1,2,4,4,5,2,1,3,1,3,1,2,1,.a,.a,.a,.a,.a,.a,.a,.a,.a,.a,.a,5,.a,.a,.a,.a,.a,.a,.a,.a,.a,.a,.a,.a,.a,.a,.a,.a,.a,.a,.a,.a,.a,.a,.a,.a,.a,.a,.a,.a,.a,2,.a,.a,.a,.a,.a,.a,.a,.a,.a,.a,.a,.a,.a,.a,.a,.a,.a,.a,.a,.a,.a,.a,.a,4,.a,.a,.a,.a,.a,.a,.a,.a,.a,.a,.a,.a,3,0,1,0,1,,0
0,"0","68","34",3,3,1,1,3,1,4,2,2,3,3,2,4,4,3,2,2,4,.a,3,0,5.0000,4,0,0,1,0,0,0,2,4,2,3,2,2,2,2,3,2,"0",3,.a,.a,.a,.a,.a,.a,.a,.a,.a,.a,.a,.a,.a,5,4,7,2,5,3,2,3,3,3,2,3,2,2,3,4,"0",3,5,5,3,5,4,5,3,1,,1,3,3,4,2,.a,.a,.a,.a,.a,.a,.a,.a,.a,.a,7,.a,.a,.a,.a,.a,.a,.a,.a,.a,.a,.a,.a,.a,.a,.a,.a,.a,.a,.a,.a,.a,.a,.a,7,.a,.a,.a,.a,.a,.a,.a,.a,.a,.a,.a,.a,.a,.a,.a,.a,.a,.a,.a,.a,.a,.a,.a,6,.a,.a,.a,.a,.a,.a,.a,.a,.a,.a,.a,.a,.a,.a,.a,.a,.a,.a,.a,3,0,1,0,0,,0
0,"0","69","34",3,1,3,1,1,2,12,5,2,3,2,3,3,4,3,1,4,3,.a,3,0,15.0000,4,1,0,0,0,0,0,2,,2,4,4,4,4,4,4,2,"0",3,.a,.a,.a,.a,.a,.a,.a,.a,.a,.a,.a,.a,.a,6,3,6,5,5,3,2,3,3,3,3,3,3,3,3,6,"0",3,1,1,3,4,5,5,2,1,3,1,2,2,2,1,.a,.a,.a,.a,.a,.a,.a,.a,.a,.a,.a,.a,.a,.a,.a,.a,.a,.a,.a,.a,.a,.a,.a,.a,.a,.a,3,.a,.a,.a,.a,.a,.a,.a,.a,.a,.a,.a,.a,.a,.a,.a,.a,.a,.a,.a,.a,.a,.a,.a,3,.a,.a,.a,.a,.a,.a,.a,.a,.a,.a,.a,.a,.a,.a,.a,.a,.a,.a,.a,.a,.a,.a,.a,3,.a,.a,.a,3,0,0,1,1,,0
0,"1","7","3",4,1,1,1,1,1,1,3,2,3,2,2,2,3,3,5,2,4,2,3,1,5.0000,3,0,1,0,0,0,0,4,5,2,3,2,2,2,3,3,5,"1",3,2,1,1,2,4,1,3,4,3,3,3,5,3,2,3,5,3,1,2,1,1,2,3,2,2,2,2,3,4,"1",3,4,5,4,4,4,4,4,3,4,1,2,1,4,1,.a,.a,.a,3,.a,.a,.a,.a,.a,.a,.a,.a,.a,.a,.a,.a,.a,.a,.a,.a,.a,.a,.a,.a,.a,.a,.a,2,.a,.a,.a,.a,.a,.a,.a,.a,.a,.a,.a,.a,.a,.a,.a,.a,.a,.a,.a,.a,.a,.a,.a,2,.a,.a,.a,.a,.a,.a,.a,.a,.a,.a,.a,.a,.a,.a,.a,.a,.a,.a,.a,.a,.a,.a,.a,.a,.a,.a,3,0,0,0,0,1,1
0,"1","70","35",3,1,1,1,3,1,1,3,2,3,2,2,2,4,2,6,4,4,2,3,0,10.0000,4,0,0,1,0,0,0,3,4,2,3,2,2,2,3,3,6,"0",3,.a,.a,.a,.a,.a,.a,.a,.a,.a,.a,.a,.a,.a,5,2,5,4,4,3,2,3,2,3,2,2,2,3,2,5,"0",3,5,1,5,5,4,4,4,1,3,1,2,2,2,1,.a,.a,.a,.a,2,.a,.a,.a,.a,.a,.a,.a,.a,.a,.a,.a,.a,.a,.a,.a,.a,.a,.a,.a,.a,.a,.a,.a,5,.a,.a,.a,.a,.a,.a,.a,.a,.a,.a,.a,.a,.a,.a,.a,.a,.a,.a,.a,.a,.a,.a,.a,5,.a,.a,.a,.a,.a,.a,.a,.a,.a,.a,.a,.a,.a,.a,.a,.a,.a,.a,.a,.a,.a,.a,.a,.a,.a,3,0,0,0,0,,0
0,"1","71","35",3,1,1,2,2,1,2,4,2,3,2,2,3,4,3,2,1,4,1,3,0,6.0000,3,1,0,0,0,0,0,2,4,3,3,3,3,3,3,3,3,"0",3,.a,.a,.a,.a,.a,.a,.a,.a,.a,.a,.a,.a,.a,6,2,7,4,4,4,2,3,3,3,3,3,3,3,3,4,"0",3,4,2,4,4,5,4,4,1,2,1,1,1,1,1,.a,.a,.a,.a,.a,.a,.a,.a,.a,.a,.a,.a,.a,.a,.a,.a,.a,.a,.a,.a,.a,.a,.a,.a,.a,.a,.a,.a,3,.a,.a,.a,.a,.a,.a,.a,.a,.a,.a,.a,.a,.a,.a,.a,.a,.a,.a,.a,.a,.a,.a,.a,1,.a,.a,.a,.a,.a,.a,.a,.a,.a,.a,.a,.a,.a,.a,.a,.a,.a,.a,.a,.a,.a,.a,.a,2,.a,3,0,0,0,0,,0
0,"0","72","36",3,1,2,2,1,3,4,5,2,3,2,2,2,2,2,3,6,5,.a,3,1,7.0000,4,0,1,0,0,0,0,2,5,2,3,2,2,2,2,2,2,"1",3,4,3,3,3,3,1,1,2,3,3,3,5,2,2,2,1,5,4,2,1,1,2,3,2,2,3,3,2,3,"1",3,3,1,5,4,5,4,2,1,3,1,1,1,3,1,.a,.a,.a,.a,.a,.a,.a,.a,.a,.a,.a,.a,.a,.a,.a,.a,.a,.a,.a,.a,.a,.a,.a,.a,.a,.a,1,.a,.a,.a,.a,.a,.a,.a,.a,.a,.a,.a,.a,.a,.a,.a,.a,.a,.a,.a,.a,.a,.a,.a,2,.a,.a,.a,.a,.a,.a,.a,.a,.a,.a,.a,.a,.a,.a,.a,.a,.a,.a,.a,.a,.a,.a,.a,1,.a,.a,.a,3,0,0,1,1,1,1
0,"1","73","37",3,1,1,1,3,3,12,4,2,3,2,2,3,2,3,2,2,3,2,3,0,11.0000,3,0,1,0,0,0,0,2,2,2,3,2,3,3,2,3,3,"0",3,.a,.a,.a,.a,.a,.a,.a,.a,.a,.a,.a,.a,.a,6,1,4,4,2,4,1,3,2,3,2,2,2,3,3,4,"0",3,3,4,3,4,4,4,3,2,2,2,2,2,2,2,.a,.a,.a,.a,.a,.a,.a,.a,.a,.a,.a,.a,.a,.a,.a,.a,.a,.a,.a,2,.a,.a,.a,.a,.a,.a,.a,.a,.a,.a,.a,.a,.a,.a,.a,.a,.a,.a,.a,.a,.a,.a,.a,6,.a,.a,.a,.a,.a,.a,.a,.a,.a,.a,.a,.a,.a,.a,.a,.a,.a,.a,.a,.a,.a,.a,.a,.a,.a,.a,.a,.a,.a,4,.a,.a,.a,.a,3,0,0,0,1,,0
0,"1","74","37",3,3,1,3,3,3,12,5,3,3,2,2,3,2,3,5,1,4,4,3,0,8.0000,4,0,0,1,1,0,0,2,5,2,3,3,3,3,3,3,5,"0",3,.a,.a,.a,.a,.a,.a,.a,.a,.a,.a,.a,.a,.a,6,2,1,5,5,3,1,3,3,3,3,3,3,3,3,4,"0",3,5,4,3,5,5,4,1,3,2,1,1,1,2,1,.a,.a,.a,.a,.a,.a,2,.a,.a,.a,.a,.a,.a,.a,.a,.a,.a,.a,.a,.a,.a,.a,.a,.a,.a,.a,.a,.a,.a,.a,.a,.a,.a,.a,.a,.a,5,.a,.a,.a,.a,.a,.a,.a,.a,.a,.a,.a,.a,.a,.a,.a,.a,.a,.a,.a,.a,.a,.a,.a,4,.a,.a,.a,.a,.a,.a,.a,.a,.a,.a,.a,.a,.a,.a,.a,.a,.a,3,0,1,0,1,,0
0,"1","75","37",3,1,1,1,3,3,2,5,2,2,2,2,2,2,2,6,4,5,4,3,0,14.0000,3,0,0,1,1,1,0,3,4,2,2,2,2,2,2,2,6,"0",3,.a,.a,.a,.a,.a,.a,.a,.a,.a,.a,.a,.a,.a,7,2,2,5,4,3,1,3,2,2,2,2,2,2,2,6,"0",3,5,3,4,5,5,4,3,5,3,1,1,1,1,2,.a,.a,4,.a,.a,.a,.a,.a,.a,.a,.a,.a,.a,.a,.a,.a,.a,.a,.a,.a,.a,.a,.a,.a,.a,.a,3,.a,.a,.a,.a,.a,.a,.a,.a,.a,.a,.a,.a,.a,.a,.a,.a,.a,.a,.a,.a,.a,.a,.a,5,.a,.a,.a,.a,.a,.a,.a,.a,.a,.a,.a,.a,.a,.a,.a,.a,.a,.a,.a,.a,.a,.a,.a,.a,.a,.a,.a,3,0,0,0,1,,0
0,"0","76","38",3,1,1,1,1,1,2,4,2,3,2,3,2,3,3,2,2,2,.a,3,0,9.0000,4,0,1,0,0,0,0,2,4,3,4,2,3,4,2,3,2,"0",3,.a,.a,.a,.a,.a,.a,.a,.a,.a,.a,.a,.a,.a,2,3,5,3,2,3,2,3,3,3,3,3,3,3,3,2,"0",3,4,1,1,4,5,5,3,4,4,1,3,1,1,2,.a,.a,.a,.a,.a,.a,.a,.a,.a,.a,.a,.a,.a,.a,.a,.a,.a,.a,4,.a,.a,.a,.a,.a,.a,.a,.a,.a,.a,.a,.a,.a,.a,.a,.a,.a,.a,.a,.a,.a,.a,.a,3,.a,.a,.a,.a,.a,.a,.a,.a,.a,.a,.a,.a,.a,.a,.a,.a,.a,.a,.a,.a,.a,.a,.a,5,.a,.a,.a,.a,.a,.a,.a,.a,.a,.a,.a,3,0,0,0,0,,0
0,"0","77","38",3,1,1,1,1,1,1,3,2,2,1,1,2,4,2,3,3,3,.a,3,0,7.0000,4,0,1,0,0,0,0,2,2,2,3,2,2,2,3,2,2,"0",3,.a,.a,.a,.a,.a,.a,.a,.a,.a,.a,.a,.a,.a,.a,.a,.a,.a,.a,.a,.a,.a,.a,.a,.a,.a,.a,.a,.a,.a,"0",3,.a,.a,.a,.a,.a,.a,.a,.a,.a,.a,.a,.a,.a,.a,.a,.a,.a,.a,.a,.a,.a,.a,.a,.a,.a,.a,.a,.a,.a,.a,.a,.a,.a,.a,.a,.a,.a,.a,.a,.a,.a,.a,.a,.a,.a,.a,.a,.a,.a,.a,.a,.a,.a,.a,.a,.a,.a,.a,.a,.a,.a,.a,.a,.a,.a,.a,.a,.a,.a,.a,.a,.a,.a,.a,.a,.a,.a,.a,.a,.a,.a,.a,.a,.a,.a,.a,.a,.a,.a,.a,.a,.a,3,0,0,0,0,,0
0,"0","78","39",3,1,2,2,1,1,1,2,3,3,3,3,3,3,3,1,3,3,.a,3,0,8.0000,3,0,1,0,0,0,0,2,4,3,3,3,3,3,3,3,2,"0",3,.a,.a,.a,.a,.a,.a,.a,.a,.a,.a,.a,.a,.a,6,2,7,3,4,3,1,4,2,3,2,2,2,2,3,5,"0",3,2,4,5,5,5,4,2,1,3,1,4,2,3,1,.a,.a,.a,.a,.a,.a,.a,.a,.a,6,.a,.a,.a,.a,.a,.a,.a,.a,.a,.a,.a,.a,.a,.a,.a,.a,.a,.a,.a,.a,.a,.a,.a,6,.a,.a,.a,.a,.a,.a,.a,.a,.a,.a,.a,.a,.a,.a,.a,.a,.a,.a,.a,.a,.a,.a,.a,5,.a,.a,.a,.a,.a,.a,.a,.a,.a,.a,.a,.a,.a,.a,.a,.a,.a,.a,.a,.a,3,0,0,1,0,,0
0,"0","79","39",3,1,1,1,1,1,2,3,2,3,4,1,1,4,3,4,5,4,.a,3,0,11.0000,4,1,0,0,0,0,0,2,2,2,4,2,3,2,4,3,3,"0",3,.a,.a,.a,.a,.a,.a,.a,.a,.a,.a,.a,.a,.a,4,2,2,4,3,3,1,3,2,4,2,2,3,3,3,4,"0",3,3,4,4,5,5,4,3,1,2,1,1,2,4,1,.a,2,.a,.a,.a,.a,.a,.a,.a,.a,.a,.a,.a,.a,.a,.a,.a,.a,.a,.a,.a,.a,.a,.a,.a,.a,.a,.a,.a,.a,.a,6,.a,.a,.a,.a,.a,.a,.a,.a,.a,.a,.a,.a,.a,.a,.a,.a,.a,.a,.a,.a,.a,.a,.a,6,.a,.a,.a,.a,.a,.a,.a,.a,.a,.a,.a,.a,.a,.a,.a,.a,.a,.a,.a,.a,.a,.a,3,0,0,0,0,,0
0,"1","8","3",4,2,2,1,2,3,3,5,2,3,2,1,2,2,3,5,2,4,2,3,1,7.0000,4,0,1,0,0,0,1,2,4,2,3,2,4,2,3,3,3,"1",3,3,4,5,.a,.a,.a,.a,.a,3,4,4,5,3,6,2,5,4,2,1,1,1,2,3,1,2,1,1,3,4,"1",3,4,1,3,4,5,5,3,4,4,2,2,1,4,1,.a,.a,.a,.a,.a,.a,.a,.a,.a,.a,.a,.a,.a,.a,.a,.a,.a,.a,.a,.a,4,.a,.a,.a,.a,.a,.a,.a,.a,.a,.a,.a,.a,.a,.a,.a,.a,.a,.a,.a,.a,.a,.a,.a,5,.a,.a,.a,.a,.a,.a,.a,.a,.a,.a,.a,.a,.a,.a,.a,.a,.a,.a,.a,.a,.a,.a,.a,5,.a,.a,.a,.a,.a,.a,.a,.a,.a,3,0,1,1,1,1,1
0,"0","80","39",3,2,1,1,1,1,4,3,2,4,1,2,1,4,3,2,6,4,.a,3,0,10.0000,4,0,0,1,0,0,0,1,4,3,4,2,3,3,3,3,2,"0",3,.a,.a,.a,.a,.a,.a,.a,.a,.a,.a,.a,.a,.a,4,3,5,5,3,2,1,4,.a,.a,.a,.a,.a,.a,.a,.a,"0",3,4,2,2,4,5,4,1,1,4,1,2,1,3,1,.a,.a,.a,.a,.a,.a,.a,.a,.a,.a,.a,.a,.a,.a,.a,.a,5,.a,.a,.a,.a,.a,.a,.a,.a,.a,.a,.a,.a,.a,.a,.a,.a,.a,.a,.a,.a,.a,.a,.a,4,.a,.a,.a,.a,.a,.a,.a,.a,.a,.a,.a,.a,.a,.a,.a,.a,.a,.a,.a,.a,.a,.a,.a,4,.a,.a,.a,.a,.a,.a,.a,.a,.a,.a,.a,.a,.a,3,0,1,0,0,,0
0,"1","81","40",4,1,1,1,1,1,4,3,2,3,2,1,1,2,2,3,3,4,1,5,0,12.0000,3,1,0,0,0,0,0,3,2,4,4,4,2,2,2,4,3,"0",3,.a,.a,.a,.a,.a,.a,.a,.a,.a,.a,.a,.a,.a,5,2,5,4,3,5,1,3,4,4,3,4,4,4,4,5,"0",3,2,5,5,4,4,3,4,1,1,1,2,2,1,1,.a,.a,6,.a,.a,.a,.a,.a,.a,.a,.a,.a,.a,.a,.a,.a,.a,.a,.a,.a,.a,.a,.a,.a,.a,.a,.a,.a,.a,.a,.a,.a,6,.a,.a,.a,.a,.a,.a,.a,.a,.a,.a,.a,.a,.a,.a,.a,.a,.a,.a,.a,.a,.a,.a,.a,6,.a,.a,.a,.a,.a,.a,.a,.a,.a,.a,.a,.a,.a,.a,.a,.a,.a,.a,.a,.a,.a,3,0,0,0,0,,0
0,"1","82","40",4,1,1,1,1,1,1,4,3,3,3,3,3,3,3,1,1,3,1,5,0,15.0000,2,1,0,0,0,0,0,2,2,4,4,4,4,4,2,4,4,"0",3,.a,.a,.a,.a,.a,.a,.a,.a,.a,.a,.a,.a,.a,7,2,6,5,3,5,2,3,4,4,4,4,4,2,4,6,"0",3,2,1,5,4,5,4,5,1,2,1,1,1,1,1,.a,.a,.a,7,.a,.a,.a,.a,.a,.a,.a,.a,.a,.a,.a,.a,.a,.a,.a,.a,.a,.a,.a,.a,.a,.a,.a,6,.a,.a,.a,.a,.a,.a,.a,.a,.a,.a,.a,.a,.a,.a,.a,.a,.a,.a,.a,.a,.a,.a,.a,.a,.a,.a,.a,.a,.a,6,.a,.a,.a,.a,.a,.a,.a,.a,.a,.a,.a,.a,.a,.a,.a,.a,.a,.a,.a,.a,3,0,0,0,0,,0
0,"0","83","41",4,3,1,1,3,2,1,3,3,3,2,2,2,2,3,1,2,5,.a,3,0,8.0000,1,0,0,1,0,0,0,5,4,2,3,2,2,2,2,2,1,"0",3,.a,.a,.a,.a,.a,.a,.a,.a,.a,.a,.a,.a,.a,3,3,5,3,2,4,1,3,2,3,3,3,3,3,3,3,"0",3,1,1,1,2,5,5,3,1,4,1,2,2,1,2,.a,.a,.a,.a,.a,.a,.a,.a,.a,.a,.a,.a,5,.a,.a,.a,.a,.a,.a,.a,.a,.a,.a,.a,.a,.a,.a,.a,.a,.a,.a,.a,.a,.a,.a,.a,.a,.a,.a,.a,.a,.a,3,.a,.a,.a,.a,.a,.a,.a,.a,.a,.a,.a,.a,.a,.a,.a,.a,.a,.a,.a,.a,.a,.a,.a,4,.a,.a,.a,.a,.a,.a,.a,.a,.a,.a,.a,3,0,1,0,1,,0
0,"0","84","41",4,2,2,1,3,3,3,4,2,2,2,2,2,3,3,5,2,4,.a,6,0,6.0000,2,0,1,0,0,0,0,3,4,2,4,2,2,2,2,3,4,"0",3,.a,.a,.a,.a,.a,.a,.a,.a,.a,.a,.a,.a,.a,5,3,3,4,3,2,1,2,2,3,2,2,2,2,3,4,"0",3,5,4,5,4,4,4,4,1,3,3,2,3,2,2,.a,.a,.a,.a,.a,.a,.a,.a,.a,.a,.a,.a,.a,.a,.a,.a,.a,.a,5,.a,.a,.a,.a,.a,.a,.a,.a,.a,.a,.a,.a,.a,.a,.a,.a,.a,.a,.a,.a,.a,.a,.a,6,.a,.a,.a,.a,.a,.a,.a,.a,.a,.a,.a,.a,.a,.a,.a,.a,.a,.a,.a,.a,.a,.a,.a,5,.a,.a,.a,.a,.a,.a,.a,.a,.a,.a,.a,3,0,1,1,1,,0
0,"0","85","41",3,3,1,3,3,3,4,5,2,3,2,3,2,3,3,2,1,4,.a,3,0,8.0000,2,0,1,0,0,0,0,4,2,2,3,2,2,3,2,3,3,"0",3,.a,.a,.a,.a,.a,.a,.a,.a,.a,.a,.a,.a,.a,3,3,5,4,2,4,2,2,3,3,2,2,3,3,3,5,"0",3,4,4,4,5,4,5,2,1,4,1,3,3,1,2,.a,.a,.a,.a,.a,.a,.a,.a,.a,.a,.a,.a,.a,3,.a,.a,.a,.a,.a,.a,.a,.a,.a,.a,.a,.a,.a,.a,.a,.a,.a,.a,.a,.a,.a,.a,.a,7,.a,.a,.a,.a,.a,.a,.a,.a,.a,.a,.a,.a,.a,.a,.a,.a,.a,.a,.a,.a,.a,.a,.a,.a,.a,.a,.a,.a,.a,3,.a,.a,.a,.a,.a,.a,.a,.a,.a,.a,3,0,1,0,1,,0
0,"1","86","42",3,1,2,1,2,1,1,2,2,4,2,2,3,2,3,1,5,4,1,3,1,6.0000,3,1,0,0,0,0,0,4,4,4,4,3,2,4,3,2,1,"1",3,3,1,5,2,3,1,3,3,4,2,4,1,3,5,2,7,4,3,2,3,3,2,3,3,2,2,2,2,2,"1",3,3,5,4,4,4,5,3,1,3,1,2,1,3,2,.a,.a,.a,.a,.a,.a,.a,.a,.a,.a,.a,.a,.a,.a,.a,.a,.a,.a,.a,.a,.a,.a,.a,.a,.a,.a,.a,3,.a,.a,.a,.a,.a,.a,.a,.a,.a,.a,.a,.a,.a,.a,.a,.a,.a,.a,.a,.a,.a,.a,.a,5,.a,.a,.a,.a,.a,.a,.a,.a,.a,.a,.a,.a,.a,.a,.a,.a,.a,.a,.a,.a,.a,.a,.a,5,.a,.a,3,0,0,1,0,1,1
0,"1","87","42",3,1,1,1,1,1,1,3,2,3,2,2,2,2,2,2,3,4,1,3,1,25.0000,3,0,1,0,0,0,0,3,4,3,3,3,2,3,3,2,3,"1",3,2,1,1,2,4,2,3,3,3,4,4,4,2,7,2,5,4,3,3,1,2,2,3,2,2,2,2,3,5,"1",3,4,5,4,4,4,4,4,1,4,1,2,1,2,2,.a,.a,.a,.a,.a,.a,.a,.a,.a,.a,.a,.a,.a,.a,.a,.a,.a,.a,.a,.a,.a,3,.a,.a,.a,.a,.a,.a,.a,.a,.a,.a,.a,.a,.a,.a,.a,.a,.a,.a,.a,.a,.a,.a,.a,3,.a,.a,.a,.a,.a,.a,.a,.a,.a,.a,.a,.a,.a,.a,.a,.a,.a,.a,.a,.a,.a,.a,.a,3,.a,.a,.a,.a,.a,.a,.a,.a,3,0,0,0,0,1,1
0,"1","88","42",3,3,3,3,3,2,3,4,3,4,3,2,2,4,3,4,3,3,3,3,1,1.0000,2,0,0,0,0,1,0,3,4,3,3,2,2,2,2,3,4,"1",3,.a,.a,.a,.a,.a,.a,.a,.a,.a,.a,.a,.a,.a,.a,.a,.a,.a,.a,.a,.a,.a,.a,.a,.a,.a,.a,.a,.a,.a,"1",3,.a,.a,.a,.a,.a,.a,.a,.a,.a,.a,.a,.a,.a,.a,.a,.a,.a,.a,.a,.a,.a,.a,.a,.a,.a,.a,.a,.a,.a,.a,.a,.a,.a,.a,.a,.a,.a,.a,.a,.a,.a,.a,.a,.a,.a,.a,.a,.a,.a,.a,.a,.a,.a,.a,.a,.a,.a,.a,.a,.a,.a,.a,.a,.a,.a,.a,.a,.a,.a,.a,.a,.a,.a,.a,.a,.a,.a,.a,.a,.a,.a,.a,.a,.a,.a,.a,.a,.a,.a,.a,.a,.a,3,0,1,1,1,,
0,"1","89","43",3,3,2,1,2,1,2,4,4,4,4,3,4,3,3,4,1,4,2,3,1,6.0000,3,0,1,0,0,0,0,2,4,2,4,4,2,2,4,3,3,"1",3,4,3,3,2,3,1,1,2,4,2,3,3,4,5,3,5,4,4,2,2,3,3,3,3,3,3,3,3,2,"1",3,5,4,5,4,5,4,2,1,3,1,2,1,3,1,.a,.a,.a,.a,.a,.a,.a,.a,.a,.a,.a,.a,.a,.a,.a,.a,.a,.a,.a,.a,.a,.a,.a,5,.a,.a,.a,.a,.a,.a,.a,.a,.a,.a,.a,.a,.a,.a,.a,.a,.a,.a,.a,.a,.a,.a,.a,5,.a,.a,.a,.a,.a,.a,.a,.a,.a,.a,.a,.a,.a,.a,.a,.a,.a,.a,.a,.a,.a,.a,.a,5,.a,.a,.a,.a,.a,.a,3,0,1,1,0,1,1
0,"1","9","4",1,3,1,1,3,3,12,4,2,2,2,2,2,2,2,5,3,4,1,3,,,,,,,,,,,,,,,,,,,,"",1,,,,,,,,,,,,,,,,,,,,,,,,,,,,,,"",1,,,,,,,,,,,,,,,,,,,,,,,,,,,,,,,,,,,,,,,,,,,,,,,,,,,,,,,,,,,,,,,,,,,,,,,,,,,,,,,,,,,,,,,,,,,,,1,0,1,0,1,,
0,"1","90","43",6,1,1,1,1,1,1,3,2,3,1,1,2,3,3,4,4,4,1,3,1,7.0000,3,1,0,0,0,0,0,2,2,3,2,2,3,3,4,3,4,"1",3,2,2,3,1,3,1,1,1,3,4,3,5,3,4,2,7,2,3,5,2,3,3,3,3,3,3,3,3,3,"1",3,5,4,1,5,4,5,1,1,2,1,4,3,1,2,.a,.a,.a,.a,.a,.a,.a,.a,.a,.a,.a,.a,.a,.a,.a,.a,.a,.a,.a,.a,5,.a,.a,.a,.a,.a,.a,.a,.a,.a,.a,.a,.a,.a,.a,.a,.a,.a,.a,.a,.a,.a,.a,.a,5,.a,.a,.a,.a,.a,.a,.a,.a,.a,.a,.a,.a,.a,.a,.a,.a,.a,.a,.a,.a,.a,.a,.a,.a,.a,.a,.a,.a,.a,4,.a,.a,.a,3,0,0,0,0,1,1
0,"0","91","44",6,2,3,1,1,3,12,4,4,1,2,3,4,5,4,7,7,5,.a,6,,,,,,,,,,,,,,,,,,,,"",1,,,,,,,,,,,,,,,,,,,,,,,,,,,,,,"",1,,,,,,,,,,,,,,,,,,,,,,,,,,,,,,,,,,,,,,,,,,,,,,,,,,,,,,,,,,,,,,,,,,,,,,,,,,,,,,,,,,,,,,,,,,,,,1,0,1,1,1,,
0,"0","92","44",.a,.a,.a,.a,.a,.a,.a,.a,.a,.a,.a,.a,.a,.a,.a,.a,.a,.a,.a,.a,,,,,,,,,,,,,,,,,,,,"",1,,,,,,,,,,,,,,,,,,,,,,,,,,,,,,"",1,,,,,,,,,,,,,,,,,,,,,,,,,,,,,,,,,,,,,,,,,,,,,,,,,,,,,,,,,,,,,,,,,,,,,,,,,,,,,,,,,,,,,,,,,,,,,1,0,,,,,
0,"0","93","44",7,2,2,2,1,2,12,4,4,1,2,2,3,4,4,5,4,5,.a,6,,,,,,,,,,,,,,,,,,,,"",1,,,,,,,,,,,,,,,,,,,,,,,,,,,,,,"",1,,,,,,,,,,,,,,,,,,,,,,,,,,,,,,,,,,,,,,,,,,,,,,,,,,,,,,,,,,,,,,,,,,,,,,,,,,,,,,,,,,,,,,,,,,,,,1,1,1,1,1,,
0,"1","94","45",3,1,1,3,1,1,3,3,2,3,2,2,3,3,3,2,2,3,3,3,1,6.0000,4,0,1,0,0,0,0,2,2,2,3,2,2,3,4,3,3,"1",3,3,2,1,1,4,1,2,2,3,3,3,5,3,3,2,3,4,3,4,1,1,2,3,2,4,2,4,3,3,"1",3,3,2,2,2,1,1,2,4,3,1,2,1,3,1,.a,.a,.a,.a,.a,.a,.a,.a,.a,.a,.a,.a,.a,.a,.a,.a,.a,.a,.a,.a,.a,.a,.a,.a,4,.a,.a,.a,.a,.a,.a,.a,.a,.a,.a,.a,.a,.a,.a,.a,.a,.a,.a,.a,.a,.a,.a,.a,5,.a,.a,.a,.a,.a,.a,.a,.a,.a,.a,.a,.a,.a,.a,.a,.a,.a,.a,.a,.a,.a,.a,.a,4,.a,.a,.a,.a,.a,3,0,0,0,0,1,1
0,"1","95","45",3,1,1,1,2,3,1,3,3,3,3,3,3,3,3,2,2,4,2,5,1,7.0000,3,1,0,0,0,0,0,2,2,2,2,2,2,2,2,2,2,"1",3,4,4,5,.a,.a,.a,.a,.a,4,4,4,1,4,4,3,5,4,3,3,1,1,3,3,3,3,3,3,3,3,"1",3,1,1,4,5,5,4,3,4,2,1,1,1,3,1,.a,.a,.a,.a,.a,.a,.a,.a,.a,.a,.a,.a,.a,.a,.a,.a,5,.a,.a,.a,.a,.a,.a,.a,.a,.a,.a,.a,.a,.a,.a,.a,.a,.a,.a,.a,.a,.a,.a,.a,6,.a,.a,.a,.a,.a,.a,.a,.a,.a,.a,.a,.a,.a,.a,.a,.a,.a,.a,.a,.a,.a,.a,.a,.a,.a,.a,.a,.a,.a,5,.a,.a,.a,.a,.a,.a,.a,3,0,0,0,1,1,1
0,"1","96","46",3,3,1,1,1,3,1,4,2,1,2,2,3,3,3,4,2,2,2,3,0,4.0000,4,0,1,0,0,0,0,3,2,2,4,3,2,3,2,2,4,"0",3,.a,.a,.a,.a,.a,.a,.a,.a,.a,.a,.a,.a,.a,6,2,4,4,4,4,1,1,3,3,2,2,3,3,3,5,"0",3,4,5,2,4,4,2,2,2,2,2,3,2,2,2,.a,.a,.a,.a,.a,.a,.a,.a,.a,.a,.a,.a,.a,.a,.a,.a,.a,5,.a,.a,.a,.a,.a,.a,.a,.a,.a,.a,.a,.a,.a,.a,.a,.a,.a,.a,.a,.a,.a,.a,.a,3,.a,.a,.a,.a,.a,.a,.a,.a,.a,.a,.a,.a,.a,.a,.a,.a,.a,.a,.a,.a,.a,.a,.a,4,.a,.a,.a,.a,.a,.a,.a,.a,.a,.a,.a,.a,3,0,1,0,1,,0
0,"1","97","46",4,1,2,1,2,1,1,4,3,3,2,2,3,2,3,3,3,1,2,3,0,2.0000,4,0,1,0,0,0,1,3,2,2,3,2,2,3,3,3,3,"0",3,.a,.a,.a,.a,.a,.a,.a,.a,.a,.a,.a,.a,.a,6,1,3,4,3,4,1,1,4,3,3,3,3,3,3,3,"0",3,2,1,4,4,3,3,4,4,3,1,1,1,2,2,.a,.a,.a,.a,.a,.a,.a,.a,.a,.a,.a,.a,.a,.a,4,.a,.a,.a,.a,.a,.a,.a,.a,.a,.a,.a,.a,.a,.a,.a,.a,.a,.a,.a,.a,.a,.a,.a,6,.a,.a,.a,.a,.a,.a,.a,.a,.a,.a,.a,.a,.a,.a,.a,.a,.a,.a,.a,.a,.a,.a,.a,3,.a,.a,.a,.a,.a,.a,.a,.a,.a,.a,.a,.a,.a,.a,.a,3,0,0,1,0,,0
0,"1","98","46",4,2,2,2,3,3,12,5,2,3,2,2,2,1,2,4,5,3,1,3,0,8.0000,4,0,1,0,0,0,0,2,2,2,3,2,2,3,2,2,4,"0",3,.a,.a,.a,.a,.a,.a,.a,.a,.a,.a,.a,.a,.a,6,2,3,5,3,5,1,4,3,3,2,2,4,4,3,4,"0",3,5,4,4,4,5,3,3,3,3,1,2,1,1,1,.a,.a,.a,.a,.a,.a,.a,.a,.a,3,.a,.a,.a,.a,.a,.a,.a,.a,.a,.a,.a,.a,.a,.a,.a,.a,.a,.a,.a,.a,.a,.a,.a,4,.a,.a,.a,.a,.a,.a,.a,.a,.a,.a,.a,.a,.a,.a,.a,.a,.a,.a,.a,.a,.a,.a,.a,4,.a,.a,.a,.a,.a,.a,.a,.a,.a,.a,.a,.a,.a,.a,.a,.a,.a,.a,.a,.a,3,0,1,1,1,,0
0,"1","99","47",1,1,1,1,3,1,1,1,2,3,2,3,2,4,3,3,5,4,1,3,0,18.0000,2,1,0,0,0,0,0,3,2,3,3,2,3,2,5,3,5,"0",3,.a,.a,.a,.a,.a,.a,.a,.a,.a,.a,.a,.a,.a,2,3,5,1,2,5,1,1,3,3,2,2,2,4,3,4,"0",3,4,2,5,5,4,4,4,5,4,1,4,1,1,1,.a,.a,.a,.a,.a,.a,.a,.a,.a,.a,.a,.a,.a,.a,.a,.a,.a,.a,.a,.a,.a,.a,.a,5,.a,.a,.a,.a,.a,.a,.a,.a,.a,.a,.a,.a,.a,.a,.a,.a,.a,.a,.a,.a,.a,.a,.a,5,.a,.a,.a,.a,.a,.a,.a,.a,.a,.a,.a,.a,.a,.a,.a,.a,.a,.a,.a,.a,.a,.a,.a,.a,.a,.a,.a,.a,.a,3,3,0,0,0,0,,0
